Gasworks,54.59081,-5.925624,
Gasworks,54.59081,-5.925624,
Mc Clure Street,54.58783,-5.924167,
Cromac Wood,54.59142,-5.92564,
Cromac Wood,54.59157,-5.925942,
Shaftesbury Rugby Round,54.587055,-5.923665,
Ormeau Ave.,54.592415,-5.926889,
Hatfield Street,54.585693,-5.923177,
Hatfield Street,54.585697,-5.923053,
University Avenue,54.58543,-5.923732,
University Avenue,54.585243,-5.924252,
Dudley Street,54.584995,-5.926136,
Ormeau Ave.,54.592907,-5.93002,
Dudley Street,54.58502,-5.926893,
Ormeau Ave.,54.593086,-5.92998,
Cromac Place 89,54.594646,-5.924129,
Cromac Place 71,54.594814,-5.924322,
Dublin Road,54.59139,-5.932697,
Dublin Road,54.592224,-5.932097,
Ormeau Road(Agincourt Avenue),54.584106,-5.922392,
Botanic Avenue,54.587845,-5.933015,
Botanic Ave(Shaftsbury Square).,54.589077,-5.933495,
Botanic Avenue,54.586975,-5.932472,
Botanic Ave(Shaftsbury Square).,54.588978,-5.933639,
Rugby Road,54.584736,-5.92929,
Ormeau Road ( Agincourt Avenue),54.58382,-5.922468,
Rugby Road,54.584618,-5.929776,
Albion Street,54.591015,-5.934387,
Bradbury Place,54.588985,-5.934613,
Bruce Street,54.592937,-5.933268,
Adelaide St.,54.595467,-5.928482,
Belfast Hostelling International,54.5894,-5.935165,
May St.,54.59619,-5.924639,
College Green,54.58531,-5.932463,
Adelaide St.,54.595684,-5.928502,
Bradbury Place,54.588646,-5.935156,
St. Georges Market,54.59625,-5.922578,
May St.,54.59606,-5.926843,
College Green,54.585304,-5.932649,
Hope Street,54.59245,-5.93436,
Collingwood Ave.,54.582863,-5.924296,
Belfast Hostelling International,54.589344,-5.935492,
Central Station,54.59516,-5.916985,
East Bridge St.(Central Station),54.59553,-5.917911,
Donegall Square South,54.595963,-5.929076,
Bedford St.,54.595097,-5.931518,
Donegal Square East,54.596287,-5.928549,
East Bridge St.(Central Station),54.595707,-5.916787,
University Road,54.58727,-5.935953,
University Road,54.586796,-5.935729,
Great Northern Mall,54.59403,-5.934234,
Donegal Square East,54.596645,-5.928562,
Maysfield,54.59561,-5.915895,
Rochester Street,54.589153,-5.910701,
Great Northern Mall,54.59432,-5.93425,
252 Ravenhill Road,54.588287,-5.910715,
Park Resource Centre,54.587288,-5.91106,
Fountainville Avenue,54.587803,-5.936854,
216 Ravenhill Road,54.589848,-5.910434,
Waterfront Hall,54.59728,-5.921396,
Donegal Square East,54.596916,-5.928594,
Dunnes,54.581715,-5.924339,
Howard St.,54.59582,-5.932302,
Ormeau Park,54.5818,-5.921442,
My Ladys Road,54.590923,-5.910332,
Great Northern Mall,54.594578,-5.934609,
97 Ravenhill Road,54.592052,-5.910692,
My Ladys Road,54.591255,-5.910269,
Donegall Square West,54.596363,-5.93147,
Donegall Square West,54.596294,-5.93169,
Chichester Street,54.59749,-5.927266,
Chichester Street,54.597496,-5.927219,
Chichester Street,54.5975,-5.927389,
51 Ravenhill Road,54.586086,-5.911183,
Shamrock Street,54.592884,-5.910943,
Chichester Street,54.597424,-5.92829,
Bp Garage,54.585587,-5.911441,
Donegall Square West,54.596695,-5.931453,
Donegall Square West,54.59669,-5.931763,
Fountainville Avenue,54.587383,-5.938113,
Outside House Number73,54.589165,-5.938642,
Outside Bungalow Nos 78,54.589104,-5.938738,
Donegall Square West,54.597073,-5.931496,
Upper Queen Steet,54.596474,-5.933135,
Donegall Square West,54.597054,-5.931744,
Queens University,54.584877,-5.936476,
Queens PEC,54.58115,-5.927678,
Donegal Square North,54.59732,-5.931158,
Europa Stand One,54.59491,-5.936294,
Donegal Place,54.59784,-5.93011,
Agra St.,54.58074,-5.926322,
Donegal Place,54.597767,-5.930424,
Martyrs Memorial,54.583984,-5.911739,
Opera House,54.59573,-5.935355,
Candahar Street,54.580696,-5.921018,
Wellington Place,54.59731,-5.932149,
Donegal Place,54.597874,-5.930449,
Queens University,54.58424,-5.936478,
Donegal Place,54.5979,-5.930448,
Short Strand,54.59556,-5.911828,
Belfast City Centre,54.597294,-5.932676,
Donegal Place,54.59813,-5.930142,
Short Strand/Ravenhill Road,54.59524,-5.911101,
Belfast City Centre,54.597286,-5.932986,
Candahar Street,54.580456,-5.920659,
Oxford Street,54.598907,-5.921653,
Ardenlee Avenue,54.58338,-5.911724,
Wellington Place,54.597183,-5.93361,
PaisleyS Church,54.583607,-5.911217,
PaisleyS Church,54.5835,-5.911269,
Grov. Rd/Gt. Vic St.,54.595757,-5.93639,
Elmwood Ave,54.584393,-5.937599,
Wellington Place,54.597176,-5.934168,
Lisburn Road(City Hospital),54.58639,-5.939912,
Lisburn Road(City Hospital),54.586308,-5.939869,
Park Road,54.5799,-5.919744,
Park Road,54.579792,-5.919734,
Short Strand / Albert Bridge Road,54.59552,-5.909586,
Ulster Museun,54.58257,-5.936531,
Queen Street,54.598232,-5.933464,
Castle Junction,54.599415,-5.929195,
Ulster Museuem,54.582287,-5.936267,
Short Strand / Albert Bridge Road,54.595753,-5.909435,
Queen Street,54.598576,-5.933137,
Queen Street,54.59872,-5.933254,
High Street,54.600086,-5.926979,
King St.,54.59829,-5.934807,
Woodstock Link,54.59342,-5.906444,
Woodstock Lodge,54.59464,-5.907357,
Grosvenor Road Psni Station,54.595688,-5.939272,
Malone Road(Methody),54.582344,-5.937656,
Royal Ave.(Castlecourt),54.599678,-5.930791,
Mount Conference Centre,54.594543,-5.907191,
Bridge End,54.599766,-5.917091,
Sklpper St.,54.60042,-5.926095,
Royal Ave,54.59979,-5.930507,
SpendloveS,54.595524,-5.939621,
South Parade,54.578945,-5.91953,
Corner Of Abingdon Drive,54.58882,-5.942775,
Opp House Number 175,54.58876,-5.942855,
Ormeau Golf Club,54.57978,-5.914476,
Castle Street,54.5992,-5.934096,
Ashby Buildings,54.580536,-5.935396,
454 Ravenhill Road,54.58041,-5.912324,
Station Street,54.60062,-5.918672,
Scirocco Works,54.598904,-5.912338,
Short Strand(Mountpottinger),54.598312,-5.910975,
51 Park Road,54.579685,-5.913955,
South Parade,54.57842,-5.919309,
Queens Square,54.60113,-5.923397,
Cherryville Street,54.592606,-5.904614,
Kids Korner,54.580036,-5.91256,
Mountpottinger Road,54.59691,-5.908246,
The Mount,54.59536,-5.906422,
Ashby Buildings,54.580086,-5.935326,
The Mount,54.595127,-5.906124,
Madrid Street,54.59637,-5.907268,
Short Strand,54.59919,-5.91192,
Malone Rd(Ashby Buildings),54.581215,-5.938208,
The Green,54.59574,-5.906356,
Isthmus Street,54.59198,-5.903795,
Mountpottinger Road,54.598263,-5.909616,
Royal Ave.(Castlecourt),54.60097,-5.931329,
Ravenhill Park,54.579266,-5.912568,
Royal Ave.(Castlecourt),54.601143,-5.931413,
Pottinger Street,54.59269,-5.903248,
Castlereagh Street(Albertbridge Road),54.59473,-5.904427,
Lower Donegal St.,54.601723,-5.928583,
Castlereagh Street(Albertbridge Road),54.59481,-5.904408,
Willowfield,54.590527,-5.902462,
Malone Road(Eglantine Ave),54.58058,-5.938658,
Ulsterville Ave,54.58413,-5.943243,
Pandora St.,54.58867,-5.945366,
Sandhurst Drive,54.578564,-5.934119,
Sunnyside St.,54.57722,-5.927444,
Ulsterville Avenue,54.583977,-5.943251,
Royal Ave.(Castlecourt),54.6015,-5.93124,
Willowfield Crescent,54.589626,-5.901905,
Royal Ave.(Castlecourt),54.60156,-5.931609,
Royal Ave.(North St),54.601685,-5.931664,
Pandora Street,54.588642,-5.946125,
Ulidia,54.57705,-5.918142,
Lyric,54.577152,-5.930278,
Barrack St.,54.599598,-5.938285,
Ulidia,54.57688,-5.918181,
Paxton Street,54.59367,-5.902269,
Sunnyside St.,54.576523,-5.926613,
Malone Rd(Chlorine Gardens),54.57978,-5.938992,
Calvin Street,54.592644,-5.901688,
Omeath Street,54.588566,-5.901155,
Barrack St.,54.599888,-5.938394,
Paxton Street,54.59361,-5.901947,
Grosvenor Road Rec. Centre,54.59535,-5.944628,
Calvin Street,54.592735,-5.901281,
Ashley Avenue,54.58353,-5.944511,
Short Strand, NArds Rd.,54.600098,-5.909197,
Templemore Avenue,54.59532,-5.90271,
Royal Avenue,54.602516,-5.931359,
North Street,54.602276,-5.932578,
Central Library,54.602646,-5.930935,
Ridgeway Street,54.57721,-5.933755,
Redcar Street,54.58768,-5.900488,
Templemore Avenue,54.595303,-5.902062,
Central Library,54.60287,-5.931109,
Short Strand, (NArds Rd),54.60014,-5.908142,
Aquinas,54.57698,-5.913056,
Cullingtree Road,54.59535,-5.946175,
North Street,54.602646,-5.933581,
187 Ravenhill Road,54.576805,-5.91322,
Great Patrick Street,54.60396,-5.922619,
Bryson Street,54.59987,-5.9065,
Gt Vic Bus Lane,54.591694,-5.94837,
John Longs Corner,54.592316,-5.899337,
Odyssey,54.603474,-5.916514,
John Longs Corner,54.591934,-5.899155,
Ravenhill Avenue,54.58579,-5.899689,
Stranmillis Mews,54.576096,-5.933162,
Gt Vic Buslane,54.591618,-5.948714,
Interpoint,54.60385,-5.929496,
Donegall Street,54.60382,-5.929946,
Trillick Street,54.592564,-5.899108,
184 Grosvenor Road,54.595203,-5.947234,
Tower Street,54.599792,-5.90508,
Corporation Square,54.60458,-5.923763,
Os Grosvenor Road Post Office,54.595257,-5.947804,
Loopland,54.58499,-5.899188,
The Terrace,54.574997,-5.929908,
Interpoint,54.604343,-5.929316,
Trillick Street,54.592297,-5.898301,
Divis Tower,54.600136,-5.942514,
Malone Road(Windsor Ave),54.57812,-5.940777,
Glenmore Street,54.59592,-5.900095,
Clara Street,54.59038,-5.897719,
Clara Street,54.59058,-5.897725,
Dunbar Link,54.60461,-5.928111,
Great Patrick Street,54.604885,-5.923283,
Divis Tower,54.600414,-5.942469,
Donegall Street,54.60432,-5.931206,
Opp Mcdowells Pharmacy,54.58891,-5.950212,
Tower Street,54.59948,-5.903565,
Odyssey,54.603752,-5.913405,
Os 15,54.588184,-5.950233,
Odyssey,54.60359,-5.912639,
Old Channel Rd.,54.60315,-5.911068,
Peters Hill,54.60313,-5.936776,
Melrose St,54.582066,-5.947153,
Donegall Avenue Os 58,54.58789,-5.950372,
Melrose Street,54.581905,-5.947083,
Os Donegall Road Disabled Care Ctr,54.588955,-5.950628,
Glendower Street,54.583836,-5.898876,
Ballynafeigh,54.57457,-5.916505,
St Judes  Cresent,54.57515,-5.913537,
Old Channel Rd.,54.603275,-5.910566,
Peters Hill,54.603268,-5.937326,
Malone Rd Opp(Sans Souci Park),54.577686,-5.941542,
St.Comgalls,54.600025,-5.944423,
Courtney Hall,54.583534,-5.898598,
Donegall Street,54.604866,-5.931673,
Ardgowan Street,54.588932,-5.896433,
Donegall Street,54.604908,-5.931981,
Ballynafeigh,54.57425,-5.916119,
Grosvenor Road 210,54.59511,-5.94973,
Ardenlee Avenue,54.582294,-5.899296,
Fishing Stands,54.573868,-5.929486,
St.Comgalls,54.599976,-5.94506,
Channing Street,54.58872,-5.896088,
Templemore Avenue,54.59921,-5.901474,
LittleGeorge Street,54.60558,-5.928046,
Templemore Avenue,54.599365,-5.901636,
Avoniel Road,54.591972,-5.89626,
Avoniel,54.596275,-5.898282,
Cherryvale Park,54.574493,-5.913509,
Ardenlee Avenue,54.582436,-5.898623,
Opp Grosvenor Road Surgery,54.595192,-5.950314,
Os 113,54.586475,-5.95168,
Stranmillis College,54.573956,-5.932992,
Windsor Avenue,54.58117,-5.948373,
Nelson Street (M3),54.60619,-5.92444,
Donegall Avenue Os House Nos 162,54.585964,-5.951752,
Clara Street,54.59168,-5.895362,
Twin Spires,54.59932,-5.947182,
Os Donegall Road Methodist Church,54.58897,-5.952623,
Ardenlee,54.582092,-5.898007,
Clarendon Dock,54.60646,-5.922491,
Twin Spires,54.59936,-5.947567,
Opp Inst Of Clinical Science,54.59482,-5.951509,
Institute Of Pathology,54.594692,-5.951623,
Fraser St. Bridge,54.60323,-5.906421,
Nazareth House,54.573353,-5.915624,
Hornby St.,54.5967,-5.897239,
Ardenlee,54.581566,-5.898003,
Clifton Street,54.605724,-5.933425,
Oak Bar,54.595142,-5.951678,
Clarendon Dock,54.606697,-5.922108,
Queens Rd.,54.60514,-5.911384,
Fraser St. Bridge,54.60339,-5.906304,
Windsor Avenue,54.58055,-5.948946,
Stranmillis College,54.573166,-5.933094,
Lower Shankill,54.603554,-5.941985,
Clifton Street,54.606117,-5.933808,
150 Mount Merrion Avenue,54.577843,-5.901489,
Great Georges Street,54.60663,-5.931274,
Lower Shankill,54.603626,-5.942075,
Circular Road 2nd Stop,54.60526,-5.910046,
School Of Denistry Rvh,54.59353,-5.953353,
Hornby Street,54.59689,-5.896208,
Dee Street,54.598896,-5.898039,
Frenchpark St.,54.58879,-5.954256,
137 Mount Merrion Avenue,54.577965,-5.90088,
Dee Street,54.59871,-5.8976,
Loopland Park,54.587013,-5.89353,
101 Mount Merrion Avenue,54.576897,-5.90242,
Conway Street,54.598583,-5.950515,
Nazareth House,54.57264,-5.914021,
Great Georges Street,54.607037,-5.931331,
Malone Rd(Beechlands),54.576057,-5.944191,
Donegal Parade,54.584766,-5.953684,
Mount Merrion Church,54.576416,-5.902692,
Nazareth House,54.572365,-5.914746,
Elmgrove,54.591557,-5.892924,
Royal Hospital/ Grosvenor Road,54.59545,-5.953272,
RVH Maternity Ward,54.593224,-5.95439,
Onslow,54.57997,-5.89742,
Loopland,54.586597,-5.892948,
694 Ravenhill Road,54.572334,-5.913959,
157 Mount Merrion Avenue,54.57833,-5.89919,
Windsor Road,54.579727,-5.950255,
Elmgrove,54.591633,-5.892564,
Bells Bridge,54.57987,-5.897224,
Tates Avenue Opp House Nos 165,54.584827,-5.954253,
Grosvenor Road[Royal Hospital],54.595665,-5.953741,
Pilot Street,54.607998,-5.921469,
Windsor Road,54.579506,-5.95039,
Willowbrook House,54.578487,-5.898316,
Abercorn Basin,54.606422,-5.910358,
Falls Library,54.598057,-5.952275,
Malone Road(Adelaide Park),54.575695,-5.944998,
Pilot Street,54.608147,-5.921213,
Wellington Square,54.571083,-5.926302,
Sharman Road,54.572025,-5.934249,
77 Mount Merrion Avenue,54.575684,-5.902482,
Wellington Square,54.570896,-5.925925,
Falls Library,54.59765,-5.953193,
Carlisle Circus(Clifton Street),54.607098,-5.935987,
Sharman Road,54.571697,-5.934467,
Nelson Street (Dock Street),54.60856,-5.922245,
Dunville Park,54.59659,-5.954221,
Bloomfield Commercial Centre,54.597443,-5.893997,
Monarchy Laundry,54.588696,-5.956566,
Bells Bridge,54.579376,-5.896198,
Carlisle Circus(Clifton Street),54.607296,-5.936116,
Childrens Hospital,54.592438,-5.956378,
Dunville Park,54.59622,-5.954735,
Udr Centre,54.579575,-5.895755,
Donegall Road, Monarch Laundry,54.58858,-5.956757,
Falls Road(Royal Hospitals),54.5952,-5.955513,
Yorkgate Station,54.60887,-5.924737,
Agnes Street,54.603935,-5.946037,
Bloomfield Commercial Centre,54.59777,-5.893671,
Agnes Street,54.60387,-5.946427,
Hunt Street,54.59822,-5.893818,
Ethel Street,54.57858,-5.951396,
Elliott Dynes Rehabilitation Unit,54.591705,-5.957127,
Abercorn Basin,54.60712,-5.909038,
Abetta Parade,54.59217,-5.890463,
Bells Bridge,54.57802,-5.896716,
Ribble Street,54.598328,-5.893627,
North Queen Street (Yorkgate),54.60895,-5.929438,
Mount Merrion Avenue,54.574112,-5.902996,
Tates Avenue, Bus Stop,54.585396,-5.956979,
Mount Merrion Avenue,54.573948,-5.903252,
Hamilton Rd.,54.603516,-5.899704,
Power Plant Terminus Rvh,54.59038,-5.957905,
Falls Road(Royal Hospitals),54.594467,-5.956896,
Ladas Drive,54.585384,-5.890427,
Inner Zone /Springfield Rd.,54.596046,-5.956229,
RVH Stores,54.590553,-5.958082,
Rosetta(St Johns Church),54.57046,-5.914163,
Ladas Drive,54.58539,-5.890118,
12 Ladas Drive,54.583862,-5.890769,
Carlisle Circus(Antrim Road),54.60825,-5.936671,
Carlisle Circus(Antrim Road),54.60837,-5.936417,
Bloomfield Mill,54.592766,-5.889566,
Knock Eden,54.571335,-5.909262,
Tates Avenue Os Mace/Garage,54.585545,-5.957853,
Shankill Road(Co-Op),54.604073,-5.948274,
Glenmachen Street,54.586605,-5.958341,
Mounr Merrion Avenue,54.572746,-5.904489,
20 Ladas Drive,54.584126,-5.890214,
Glenmachan St.,54.58634,-5.958308,
Childrens Hospital,54.593655,-5.958128,
Yorkgate,54.609947,-5.92445,
Knock Eden,54.571342,-5.908473,
Rosetta(Knockbreda Road),54.57031,-5.912794,
Montgomery Road,54.576977,-5.896198,
Rosetta(Knockbreda Road),54.570377,-5.912002,
20 Mount Merrion Avenue,54.572056,-5.905638,
Childrens Hospital,54.59321,-5.958816,
Crumlin Road(Mater Hospital),54.608196,-5.939398,
Yorkgate,54.610275,-5.924774,
Connswater Shopping Centre,54.595844,-5.88984,
Lincoln Avenue,54.608982,-5.936433,
Brookland Street,54.577534,-5.952763,
Rosetta(St Johns Church),54.569683,-5.913909,
Brookland Street,54.57738,-5.952802,
Shankill Road (Co Op),54.604042,-5.949699,
Crumlin Road(Mater Hospital),54.60822,-5.940156,
Connswater,54.59799,-5.890874,
The Allotments,54.568775,-5.9213,
Grand Parade(Bloomfield),54.585506,-5.888549,
Castlereagh College,54.577442,-5.894503,
Yorkgate Station,54.61056,-5.922669,
Holycroft Avenue,54.593174,-5.888245,
Nelson Street Bus Lane,54.61054,-5.920859,
Mt.Merrion Park,54.571556,-5.905307,
Connswater,54.597786,-5.890436,
Richmond Pk,54.57025,-5.938174,
The Allotments,54.56858,-5.920955,
Greenway,54.576004,-5.896001,
Malone Rd(Notting Hill),54.57312,-5.946736,
St. Marys College,54.593002,-5.959878,
Malone Road(Notting Hill),54.57316,-5.946889,
The Mill,54.59722,-5.958073,
Park Centre, Centre,54.58761,-5.960349,
Richmond Park,54.570076,-5.938508,
Victoria Rd.,54.608593,-5.906996,
Connswater,54.597866,-5.889921,
33 Grand Parade,54.586178,-5.887478,
Os Autoglass,54.58456,-5.959712,
Drd,54.604477,-5.897116,
Wynchurch,54.57146,-5.903967,
Olympia Leisure Centre,54.584267,-5.959712,
Annadale Avenue,54.56882,-5.913907,
Wynchurch,54.571514,-5.903469,
Castlereagh College,54.577503,-5.892953,
Opp Peter Pan Complex,54.597836,-5.958336,
Victoria Rd.,54.608913,-5.906794,
Greenway,54.575268,-5.895621,
Broadway,54.592384,-5.961209,
The Bowling Green,54.56797,-5.917831,
Berlin Street,54.604202,-5.952353,
Berlin Street,54.6043,-5.952255,
Dawson Street,54.610607,-5.935886,
North City Business Centre,54.611637,-5.927738,
The Bowling Green,54.56778,-5.917052,
St Donards,54.593445,-5.886173,
Stranmillis(Broomhill Park),54.56973,-5.940799,
Stranmillis(Broomhill Park),54.569817,-5.941134,
Trigo Parade,54.583767,-5.886721,
Orby Place,54.583836,-5.886655,
Hamel Drive,54.57452,-5.895458,
York Street(St Pauls),54.611984,-5.923402,
Holywood Arches,54.597385,-5.887563,
York Street(St Pauls),54.612072,-5.923676,
Holywood Arches,54.59761,-5.887675,
Upper Canning Street,54.612034,-5.926743,
Upper Canning Street,54.612164,-5.926473,
Park Centre Terminus,54.58897,-5.962725,
Malone Road(Cranmore Park),54.571613,-5.947431,
Crumlin Road(Agnes Street),54.609074,-5.943889,
Outside Park Centre (Superdrug),54.58834,-5.962818,
Mount Merrion, Rosetta Road,54.570976,-5.901548,
North City Business Centre,54.612095,-5.929278,
Holywood Arches,54.598167,-5.8876,
Drd,54.605343,-5.895571,
Crumlin Road(Agnes Street),54.609028,-5.944279,
Blackstaff Lounge And Bar,54.598946,-5.959581,
Blackstaff,54.598892,-5.959645,
Hursts,54.583027,-5.961475,
Beechmount,54.59195,-5.962979,
Os Park Centre,54.588314,-5.963191,
Opp Sos Group,54.58197,-5.961095,
Kane Cottage,54.611458,-5.93606,
Os Sos Group,54.58178,-5.961027,
Malone Rd(Cranmore Park),54.57107,-5.947195,
Mount Merrion, Rosetta Road,54.570747,-5.90122,
Adam Street,54.612362,-5.929714,
Tennent Street,54.604317,-5.954344,
Adam Street,54.612415,-5.930083,
Hursts,54.583046,-5.961969,
Holywood Arches,54.59825,-5.886729,
Somme Drive,54.57347,-5.894987,
Litchfield Avenue,54.59254,-5.883961,
Tennent Street,54.60446,-5.954878,
Hampton Park,54.56699,-5.913598,
Lisburn Road(Marlborough Park),54.57523,-5.955616,
Lisburn Road(Marlborough Park),54.575294,-5.955737,
Grampian Avenue,54.597233,-5.885513,
Os 197 Springfield Rd.,54.59983,-5.960388,
Lichfield Avenue,54.59248,-5.883562,
Springfield Rd,54.599895,-5.960601,
Beechmount,54.591488,-5.964549,
Stirling Avenue,54.577282,-5.888928,
Mervue Street,54.613346,-5.926289,
Glenwood Street,54.604427,-5.956025,
The Straight,54.572666,-5.894827,
Edlingham Street,54.61315,-5.931764,
146 Grand Parade,54.590187,-5.882458,
Orangefield Cres.,54.5826,-5.884136,
Edlingham Street,54.613255,-5.932347,
Stirling Avenue,54.577293,-5.887969,
Airport Rd./Shorts,54.606533,-5.893853,
Outside House Number 545,54.58882,-5.965734,
Oldpark Rd.(Agness Street),54.60991,-5.947082,
Connsbrook Avenue,54.59903,-5.885048,
Duncrue St. /Nthern Rd,54.61394,-5.920005,
Cosgrave Street,54.614014,-5.92641,
New Lodge Road,54.613014,-5.936214,
Glenwood Street,54.604713,-5.957033,
Ard-Na-Va,54.59135,-5.965917,
Newlodge Road,54.613117,-5.936115,
Limestone Road,54.614178,-5.924993,
Irwin Avenue,54.596516,-5.883151,
Os 506,54.588875,-5.966211,
Airport Rd./Shorts,54.606915,-5.893539,
Hampton Park,54.565807,-5.912746,
Oldpark Rd.(Agness Street),54.61019,-5.947285,
Limestone Road,54.614273,-5.925778,
Cregagh Library,54.57177,-5.894347,
Century Street,54.6099,-5.948228,
Houston Park,54.582237,-5.882964,
Beersbridge Road,54.596325,-5.882434,
Cranmore Avenue,54.57402,-5.957424,
Dundela Park,54.60004,-5.884702,
Bloomfield Roundabout,54.591293,-5.880854,
Alexander Dock,54.611523,-5.90279,
Glendale Court,54.60011,-5.884512,
Hallidays Road,54.61404,-5.934288,
Jaffa Street,54.61002,-5.949244,
Bloomfield,54.591366,-5.880479,
Mountcollyer,54.614925,-5.924506,
Alexander Dock,54.61185,-5.90265,
Cregagh Park,54.571026,-5.894014,
Strandtown,54.599285,-5.883302,
Malone Rd(Osbourne),54.568493,-5.948283,
Hallidays Road,54.61425,-5.935036,
Outside House Number 532,54.58916,-5.967744,
Lannark Way,54.6015,-5.962718,
Oldpark Library,54.61096,-5.948082,
Cosgrave Heights,54.61508,-5.928399,
Mountcollyer,54.615227,-5.924289,
Belfast Royal Academy,54.61398,-5.937542,
Cregagh Terminus,54.57093,-5.893633,
Beechview Park,54.59047,-5.967942,
110 Limestone Road,54.61511,-5.929033,
Cliftonville Road,54.614216,-5.936617,
Outside House Number 583,54.589294,-5.968078,
Duncrue St (Ulsterbus),54.615192,-5.919167,
Os Carpet Right,54.577454,-5.962913,
Beechview Park,54.590096,-5.968192,
Mountcollyer,54.615356,-5.926233,
Mountcollyer Road,54.615387,-5.926356,
Elswick St.,54.601612,-5.963224,
Door Store,54.577503,-5.963096,
Galwally,54.565178,-5.908959,
Forestside(Upper Galwally),54.56504,-5.909399,
Strandtown,54.599613,-5.882526,
St Marys,54.610332,-5.950915,
Marshalls Road,54.58141,-5.881336,
Forestside,54.564644,-5.91129,
Forestside,54.565018,-5.909122,
Duncairn Gardens,54.61457,-5.936832,
Newington Pres Church,54.615444,-5.930223,
Forestside,54.564995,-5.908906,
Cliftonville Road (Academy),54.614307,-5.938455,
Mayo Street,54.60566,-5.959322,
Capstone Street,54.573235,-5.95884,
Falls Road(St.James),54.58975,-5.96886,
Cregagh Pk,54.570133,-5.893782,
Hillview Court,54.611755,-5.947887,
Rosetta Road,54.568333,-5.897602,
Malone Road(Bladon Drive),54.5679,-5.949086,
Mayo Street,54.605637,-5.959587,
Forestside,54.564705,-5.909679,
Knockbreda High School,54.565998,-5.903474,
Robinson Centre,54.57778,-5.883148,
Duncairn Gardens,54.614986,-5.936625,
Lancefield Road,54.572926,-5.959134,
Beechgrove Drive,54.5684,-5.896578,
Falls Road(St.James),54.588974,-5.969486,
Knockbreda High School,54.566017,-5.902932,
Parkgate Avenue,54.601788,-5.883048,
Hillview Road,54.612263,-5.948032,
Boucher Retail Park,54.579697,-5.966436,
Cliftonville Road (Academy),54.614594,-5.939911,
Robinson Centre,54.57766,-5.882706,
River Side,54.608437,-5.891092,
Boucher Retail Park,54.57941,-5.966466,
Malone Rd(Bladon Drive),54.56726,-5.949335,
Wynfield Court,54.596104,-5.878979,
Currie Primary School,54.616108,-5.931707,
Hillview Road,54.61265,-5.947796,
Falls Road(City Cemetry),54.588123,-5.970163,
St. Finnians Church,54.569916,-5.892092,
Pollard St.,54.602192,-5.965145,
Castleton Avenue,54.616703,-5.925576,
Tennant Street,54.610825,-5.952903,
Antrim Road (Eia Street),54.615562,-5.937555,
Cambria Street,54.6064,-5.96057,
Rivers Edge,54.608833,-5.890778,
Orangefield Road,54.592506,-5.877309,
Antrim Road (Eia Street),54.615635,-5.937691,
Orby Street,54.580727,-5.879392,
Boucher Place,54.57756,-5.966001,
Castleton Avenue,54.61691,-5.925566,
Lawther Street,54.616444,-5.93282,
Corner Of Duncrue St &amp; Milewater Rd,54.616795,-5.918326,
Boucher Place,54.577473,-5.966083,
Parkgate Ave.,54.602585,-5.882186,
Clonlee Drive,54.59619,-5.877845,
Workman Ave,54.602417,-5.965768,
New Queens Univ.,54.6135,-5.900073,
Tennant Street,54.610943,-5.954027,
Whiterock Road,54.589233,-5.971438,
Falls Road(City Cemetry),54.587334,-5.971347,
Strand Cinema,54.60042,-5.879915,
Forestside/KBreda Cemetry,54.562927,-5.910296,
New Queens Univ.,54.613792,-5.899995,
Osbourne Park,54.571983,-5.960944,
Ivan Street,54.617573,-5.92386,
North Road,54.593616,-5.876184,
St. Louises,54.586597,-5.971832,
Manor Street,54.615566,-5.942153,
Stirling Avenue,54.57175,-5.886569,
North Road,54.596043,-5.876708,
Woodvale Avenue,54.60691,-5.962123,
Forestside,54.562588,-5.90988,
Manor Street,54.615665,-5.942566,
Maryville Park,54.571613,-5.961333,
Atlantic Avenue,54.617172,-5.934702,
Limestone Road 4th Stop,54.617172,-5.934702,
41 Alexandra Park Avenue,54.617855,-5.926245,
Grove Baths,54.617966,-5.923794,
Rochester Road,54.57331,-5.883875,
Malone Rd(Myrtlefield Park),54.565777,-5.950337,
Montgomery Road,54.579945,-5.87787,
72 Alexandra Park Avenue,54.618057,-5.927474,
Atlantic Avenue,54.617397,-5.935078,
Locksley House,54.57881,-5.878223,
Strandburn Drive,54.60382,-5.881023,
Cypress Gardens,54.595287,-5.875478,
Foster Green,54.562325,-5.908842,
Springdale,54.60085,-5.969235,
Strand School,54.60392,-5.881049,
Springvale Campus,54.601566,-5.968704,
Locksley House,54.578976,-5.877874,
Malone Road(Myrtlefield Park),54.565475,-5.950692,
Cambria Street,54.611454,-5.956091,
Holywood Road(Park Avenue),54.601074,-5.878148,
Holywood Road(Park Avenue),54.60121,-5.878218,
Gelstons Corner,54.60061,-5.877754,
Churchview Court,54.614494,-5.949313,
Waterworks,54.617416,-5.938329,
Woodvale Park,54.607742,-5.962979,
Springvale Parade,54.600178,-5.970491,
Rossa House,54.585636,-5.973473,
Elim Christian Centre,54.61854,-5.929493,
Flax Street,54.611523,-5.956924,
Woodvale Park,54.607853,-5.963175,
Bute Street,54.61886,-5.923408,
Brittons Parade,54.59042,-5.974272,
145 Alexandra Park Avenue,54.618736,-5.929917,
Clonduff Drive,54.575367,-5.879624,
Rossa House,54.585674,-5.974044,
Montgomery Road,54.579433,-5.876257,
Belmont Road(Gelstons Corner),54.600307,-5.87647,
Farset Int.,54.599472,-5.971764,
North Road,54.595764,-5.87403,
Connsbrook Avenue/Larkfield,54.60488,-5.880148,
Waterworks,54.618053,-5.938296,
Springvale [West Circular Road],54.599495,-5.971996,
Limestone Rd/Antrim Rd,54.618282,-5.937557,
Glenard Brook,54.616802,-5.945001,
Oldpark Ave,54.61523,-5.950298,
Brittons Prd.,54.590473,-5.97526,
Lislea Park,54.570553,-5.963459,
Forster Green,54.560867,-5.909226,
Glenard Brook,54.61691,-5.945476,
Limestone Road (Antrim Road),54.618523,-5.937963,
Connsbrook Avenue/Larkfield,54.60529,-5.879662,
Newtownbreda Rd (Intersport Shop),54.560413,-5.91146,
Woodvale Road Youth Club,54.609257,-5.963136,
Duncrue St Down From Mckee Building,54.619316,-5.915008,
14 Newtownbreda Rd,54.56032,-5.91131,
Fife Street,54.619877,-5.923542,
Alexandra Park Avenue,54.619564,-5.931469,
Ranfurly Drive,54.600227,-5.874942,
Malone Road(Balmoral Ave),54.563995,-5.951741,
Westcircular,54.599323,-5.973552,
3 Jellicoe Avenue,54.61979,-5.93152,
Ardoyne Avenue,54.61572,-5.95114,
Duncrue St 30M B4 Mckee Builders,54.619663,-5.914355,
Carncaver Road,54.577007,-5.875873,
Clonduff,54.57872,-5.874577,
Clonduff,54.578575,-5.874631,
Malone Park,54.569923,-5.964371,
Woodvale Park/Ballygomartin,54.60899,-5.964898,
St. Maria Goretti Nursery Sch,54.59075,-5.976762,
Whiterock Orange Hall,54.598347,-5.974745,
Ardoyne Avenue,54.616055,-5.951309,
Richmond Lane,54.61928,-5.938637,
Breda Park,54.559856,-5.909525,
Waterworks,54.619186,-5.939477,
St Marks,54.602863,-5.875656,
Malone Park,54.569813,-5.964825,
Chestnut Gardens,54.617588,-5.946851,
Mount Eden Court,54.610542,-5.963242,
Falls Park,54.58486,-5.976605,
Richmond Lane,54.61949,-5.938409,
St. Maria Goretti Nursery Sch,54.59074,-5.977273,
Mount Eden Court,54.610546,-5.963505,
St.Marks,54.60315,-5.875517,
Larkfield Road,54.60515,-5.877271,
Castleview Terrace,54.595425,-5.870968,
Clara Estate 59,54.58666,-5.870172,
139 Belmont Road,54.599934,-5.87293,
Os 59 West Circular Road,54.60096,-5.974136,
Ballyhackamore,54.595303,-5.870742,
Clarawood Grove,54.58625,-5.87007,
Skegoniel,54.621098,-5.923588,
Duncrue St B4 Powerplant Trade,54.620537,-5.913258,
J P Corry,54.597553,-5.976378,
Malone Rd(Balmoral Ave),54.562664,-5.952225,
SField Prd.,54.601376,-5.974455,
Woodvale Parade,54.61157,-5.963438,
Falls Park,54.5845,-5.977892,
98 Belmont Road,54.599846,-5.871604,
13 Clarawood Park,54.58805,-5.868754,
Knock Road,54.579784,-5.871351,
Woodvale Park(Ballygomartin),54.6095,-5.967086,
117 Clarawood Park,54.58542,-5.869139,
Grove Playing Fields,54.621395,-5.930943,
Palmerston Road,54.60572,-5.876065,
St Services,54.61336,-5.886611,
Clarawood Flats,54.58556,-5.868992,
Saintfield Road(Mount Oriel),54.55864,-5.909278,
Saintfield Road (Mt. Oriel),54.55866,-5.909154,
Richmond Square,54.620167,-5.941023,
Woodvale Parade,54.612072,-5.963429,
Alexandra Park Avenue,54.62069,-5.937993,
Flat 8 West Circular Road,54.602486,-5.974555,
Elimgrove Street,54.618374,-5.948622,
Boc,54.613537,-5.886804,
Marrowbone Park,54.61679,-5.95347,
Marrowbone Park,54.616863,-5.953389,
Skegoneill Ave,54.621838,-5.92355,
Grove Playing Fields,54.62166,-5.930976,
4 Clarawood Park,54.588085,-5.868179,
Hewitt Parade,54.594193,-5.868541,
Stock Brothers,54.59459,-5.868613,
Opp Charles Hurst,54.571903,-5.970629,
Ardoyne,54.61307,-5.962512,
Brentwood Park,54.577705,-5.871614,
Twaddell Ave.,54.610077,-5.967568,
Duncrue St. Opp Water Exec Entrance,54.621677,-5.913401,
Os City Council Depot,54.57161,-5.970752,
Brentwood Park,54.577606,-5.87148,
Kings Road,54.592533,-5.867746,
Woodvale Road,54.612617,-5.963866,
Bretland House,54.62183,-5.913857,
Ardoyne,54.613136,-5.963035,
Rosemount Gardens,54.620705,-5.941476,
Whiterock B.I.F.H.E,54.59095,-5.980141,
Clonaver,54.60438,-5.873503,
Milltown Cemetery,54.583187,-5.979117,
Knock Dual Carriageway 44,54.58027,-5.869732,
Kings Road,54.59266,-5.867615,
Cardigan Drive,54.618927,-5.949524,
The Flats,54.60397,-5.974791,
Rosemount Gardens,54.620827,-5.941717,
Os 117 West Circular Road,54.604263,-5.974591,
Whiterock Road B.I.H.F.E,54.591137,-5.980595,
Ballygomartin(Glencairn Cresc),54.609646,-5.969153,
Ardoyne Shops,54.613045,-5.964061,
Milltown Cemetery,54.58254,-5.97949,
Duncrue Rd Outside Scruttons Office,54.62242,-5.91584,
126 Belmont Road,54.59959,-5.869389,
Clonaver,54.60491,-5.87298,
Glendale,54.558075,-5.905643,
Hillview Ave.,54.59507,-5.867288,
13 Clarawood Estate,54.58552,-5.866952,
Deerpark Road(The Park),54.61785,-5.954362,
The Crescent,54.605232,-5.974558,
Willowbank Gardens,54.621906,-5.938225,
Malone Road(Mount Eden Park),54.560955,-5.953192,
Sydenham Station,54.609135,-5.877171,
The Crescent,54.605766,-5.974237,
Malone Rd(Mount Eden Park),54.56081,-5.953106,
Ballyhackamore,54.59512,-5.866976,
Palmerston Road(Station Road),54.607113,-5.874645,
Woodvale Prd.,54.611572,-5.967401,
Deerpark Road(The Park),54.618332,-5.953672,
Belmont Park,54.599415,-5.868578,
Os Springfield Park,54.597515,-5.979986,
Kennedy Centre,54.58136,-5.979826,
Springfield Park,54.597633,-5.979965,
Station Road,54.60808,-5.875493,
Ballygomartin(Glencairn Cres),54.609768,-5.970138,
Sydenham Halt,54.60933,-5.876929,
Glendale,54.557762,-5.90535,
Station Road,54.608154,-5.87552,
Knutsford Drive,54.61939,-5.950754,
Lisburn Road(Kings Hall),54.568233,-5.968584,
Palmerston Road(Station Road),54.607216,-5.874377,
The Avenue,54.61187,-5.967464,
BGomartin Baptist Church,54.606804,-5.973799,
The Cabin,54.61342,-5.964987,
Glen Parade,54.583813,-5.981051,
The Cabin,54.612793,-5.966164,
Ballymurphy Rd,54.59157,-5.98192,
Seaview,54.623463,-5.922972,
Os 95 Stockmans Lane,54.571606,-5.973195,
Os 99 Stockmans Lane,54.571884,-5.973599,
Hopefield Avenue,54.62251,-5.938226,
B/Gomartin Bapist,54.607216,-5.97381,
Glenview  Park,54.576675,-5.869765,
Ballymurphy Road,54.591805,-5.982218,
BGomartin Pres Lecture Hall,54.60779,-5.973316,
Skegoneill Drive,54.623314,-5.931759,
Andersonstown Park,54.579906,-5.979991,
Fortwilliam Parade,54.623413,-5.931661,
Glenview  Park,54.57676,-5.869451,
Kennedy Centre,54.580406,-5.980368,
Duncrue Rd Opp Pickfords /Nocers,54.62344,-5.915386,
Glendale Park,54.556625,-5.908175,
Torrens Crescent,54.619217,-5.953457,
Clara Park,54.590473,-5.864898,
Torrens Crescent,54.619263,-5.953346,
Lisburn Road(Kings Hall),54.56764,-5.969031,
Westwood Centre,54.57879,-5.979768,
Ballygomartin(West Circular Rd),54.608833,-5.972738,
Glen Parade,54.58354,-5.982008,
Marsden Terrace,54.622196,-5.942562,
Astoria Gardens,54.595,-5.865327,
Clara Park,54.59037,-5.86461,
24 Clarawood Park,54.584736,-5.865168,
Station Road,54.605885,-5.871567,
Blackstaff Road,54.57654,-5.978688,
Ballygomartin(West Circular Rd),54.608116,-5.973889,
Whincroft Road,54.5811,-5.866348,
Corner Of Duncrue St &amp; Duncrue Pass,54.623753,-5.915478,
Clara Road/Sandown Road,54.58943,-5.864458,
Westwood Centre,54.577778,-5.979601,
Whincroft Road,54.581036,-5.866305,
Parkview Lodge,54.622375,-5.942475,
Newton Park(Colby),54.557266,-5.903165,
Seaview,54.624146,-5.922999,
Ardoyne Shops,54.614258,-5.96558,
Kelvin Parade,54.620117,-5.952003,
Clara Road Entrance,54.589424,-5.864149,
Belmont Primary School,54.59935,-5.866476,
Malone Rd(Malone Hill Park),54.559708,-5.954213,
Lyndhurst Gardens,54.60774,-5.974898,
Park Royal,54.567436,-5.969985,
Springmartin,54.6006,-5.9807,
Newton Park(Colby),54.55708,-5.902571,
Ballygowan Road,54.57586,-5.868725,
Circular Road,54.606167,-5.870856,
Ballygowan Road,54.57558,-5.868709,
Ardoyne Shops,54.614517,-5.966217,
Malone Road(Malone Hill Park),54.55947,-5.954611,
Kingsmere Avenue,54.62042,-5.952808,
Circular Road 1st Stop,54.606186,-5.870499,
Ballygomartin Road,54.606857,-5.976567,
Forthriver Road(Ballygomartin),54.610184,-5.972934,
Roddens Gardens,54.579178,-5.865953,
Forthriver Road(Ballygomartin),54.610497,-5.972826,
Inverary Drive,54.610386,-5.874691,
Clarawood,54.583134,-5.86406,
Somerton Inn,54.62456,-5.933198,
Premier Drive,54.625,-5.92311,
149 Sandown Road,54.588505,-5.862913,
712 Springfield Rd.,54.5968,-5.983534,
Fruithill Park,54.576855,-5.980699,
Roddens Gardens,54.57878,-5.865773,
Kansas Avenue,54.624035,-5.938567,
Belmont Church Road,54.599644,-5.865161,
Fruithill Park,54.576622,-5.980726,
Ballymagarry Lane,54.605595,-5.978471,
Whiterock Leisure Centre,54.592915,-5.984778,
Etna Drive,54.61909,-5.958093,
Deerpark Road,54.619255,-5.957682,
Tudordale,54.606995,-5.870395,
Ballymagarry Lane,54.605694,-5.978482,
Oldpark Road,54.6206,-5.954053,
Inverary Playing Fields,54.61007,-5.873593,
Springmartin Road,54.60141,-5.981728,
York Park,54.625256,-5.923345,
Glenholm,54.556637,-5.900507,
Ballygomartin(Highcliffe Gardens),54.604473,-5.979672,
651 Springfield Rd.,54.59664,-5.984052,
Glenholm,54.556576,-5.900557,
Ardoyne Road,54.61541,-5.966358,
Glen Road,54.576736,-5.866498,
Airport Rd. West,54.617527,-5.88542,
Airport Rd. West,54.617455,-5.885254,
Glen Road,54.576496,-5.866619,
Springmartin Road,54.60165,-5.981777,
Ballygomartin(Highcliffe Gardens),54.604214,-5.980103,
Glen Rise,54.58008,-5.864437,
Somerton Inn,54.625004,-5.933237,
128 Sandown Road,54.58805,-5.862178,
Inverary Playing Fields,54.60972,-5.872559,
Kansas Avenue,54.623795,-5.943069,
Tudordale,54.60726,-5.86987,
Tommy &amp; Anns,54.61849,-5.96077,
Etna Drive,54.618366,-5.961086,
York Drive,54.625633,-5.923326,
Glen Rise,54.579926,-5.864027,
Springhill Primary School,54.602924,-5.98156,
Inverleath Drive,54.609344,-5.871789,
Gransha,54.582996,-5.984943,
Belmont Church Road,54.594955,-5.862281,
Strathern Court,54.59975,-5.864088,
21 Belvoir Dr,54.553413,-5.92505,
Belvoir Dr (Greenwood Lodge),54.553402,-5.924958,
Springhill Primary School,54.60282,-5.981952,
Top Stop Belvoir Dr,54.553402,-5.921201,
Alliance Avenue, Oldpark Road,54.620785,-5.955809,
67 Belvoir Dr,54.553463,-5.929036,
Gransha Shops,54.583015,-5.985391,
Whiterock Library,54.593414,-5.9861,
Top Stop Belvoir Dr,54.553272,-5.921486,
665 Springfield Rd.,54.595634,-5.985619,
Belmont Church Road,54.594856,-5.861822,
Alliance Avenue, Oldpark,54.621094,-5.955329,
Belvoir Dr (Boys Brigade Rd),54.553352,-5.929289,
Berwick Road,54.61805,-5.963037,
Berwick Road,54.61793,-5.963368,
Inverleath Drive,54.608818,-5.870439,
Stop After Council Depot,54.579075,-5.983976,
Fruithill,54.575897,-5.982107,
Inverary Avenue,54.608624,-5.870078,
Woodbreda,54.55411,-5.908737,
Ardoyne Road,54.61631,-5.966917,
Fruithill,54.575718,-5.982085,
Knock Road,54.5869,-5.861001,
Madison Avenue,54.624428,-5.943362,
Woodbreda,54.554085,-5.90863,
Everton Complex,54.615788,-5.967965,
39 Westland Road,54.622646,-5.95121,
Duncrue Rsd Opp Musgrave Cash Carry,54.625957,-5.914947,
Os Kennedy Way Council Depot,54.579197,-5.984419,
Golf Course,54.622696,-5.951409,
Newforge Lane,54.55591,-5.949024,
Cliftonville Circus,54.62154,-5.95526,
Pine Lodge,54.600025,-5.863052,
Antrim Road(Salisbury Avenue),54.625496,-5.937997,
Knock Road,54.586704,-5.860609,
Kingscourt,54.56624,-5.972967,
Everton Complex,54.615986,-5.968466,
Greenwood  Primary,54.594894,-5.860814,
Stop Before Council Depot,54.580257,-5.985434,
Four Winds Park,54.556168,-5.896667,
St. Aidars,54.5939,-5.987143,
Divismore Crescent,54.594757,-5.986977,
Four Winds Park,54.556206,-5.896355,
Carolhill,54.608356,-5.86873,
Alliance Avenue, Ardoyne Road,54.61754,-5.965865,
Beechill Rd(Berkley Court),54.552658,-5.918132,
Forthriver Pass,54.612064,-5.974745,
Alliance Ave, Ardoyne Road,54.617386,-5.966306,
Forthriver Pass,54.612003,-5.974872,
Knutsford Drive,54.62361,-5.949629,
New Barnsley Pde,54.59476,-5.98724,
Somerton Road (Hospice),54.626343,-5.933882,
Somerton Hospice,54.626423,-5.9338,
Westland Road,54.625145,-5.94328,
The Square,54.57874,-5.862372,
Dargan Crescent Outside Auto Trader,54.626423,-5.912864,
Dargan Rd B4 Musgrave Cash &amp; Carry,54.626633,-5.914649,
Carolhill,54.608566,-5.86827,
The Square,54.579144,-5.861964,
Kingscourt,54.56602,-5.973905,
Antrim Road(Salisbury Avenue),54.62617,-5.938025,
Upper Malone Road(House Of Sport),54.558064,-5.958624,
Cliftonville Circus,54.62205,-5.956272,
Shore Road (Safeway),54.62718,-5.923789,
Somerdale Park,54.61649,-5.969045,
127 Knock Road,54.586716,-5.85934,
Dargan Cres Outside Bkb Bathroom,54.626427,-5.909859,
Malone Road(Bristow Park),54.55796,-5.959402,
Somerdale Park,54.61663,-5.969456,
Glenowen,54.582157,-5.987769,
Knockvale Park,54.58693,-5.858725,
Opp Fruithill Park/Kennedy Way,54.581253,-5.987504,
Circular Road,54.60436,-5.863661,
Fruithill Park,54.58108,-5.987466,
Four Winds (Ballymaconaghy Road),54.55627,-5.892379,
Oldpark, Westland Rd,54.624844,-5.948638,
Belvoir Primary School,54.551804,-5.931732,
Ormiston Crescent,54.594738,-5.858733,
Ormiston,54.594803,-5.858683,
Shore Road (Safeway),54.62787,-5.923692,
Belvoir Primary School,54.551617,-5.932282,
Beechill Park,54.552197,-5.909144,
Forthriver Scout Hall,54.61307,-5.976274,
Ashfield Boys,54.609444,-5.867032,
Somerton/ Fortwilliam,54.627594,-5.934577,
Opp Mount Alverno Garage,54.592915,-5.990085,
Ormiston,54.600212,-5.859808,
Marie Curie Centre,54.587723,-5.857245,
Westland Road,54.62661,-5.943702,
Forthriver Scout Hall,54.61324,-5.976807,
Monagh By-Pass/Glen Rd,54.582165,-5.989408,
Marie Curie Centre,54.58788,-5.857051,
Upper Malone Road(Flemming Fulton),54.557755,-5.962025,
Duncrue St Outside Bcc Contract Ser,54.628094,-5.914482,
Balmoral Park,54.5652,-5.975879,
Mount Alverno Garage,54.592712,-5.990544,
Dunkeld Gardens,54.622856,-5.958818,
Ashfield Boys,54.610058,-5.866706,
Beechill Park,54.551678,-5.908645,
190 Belvoir Drive,54.551655,-5.938865,
Newtownbreda Rd(Trading Standard),54.55062,-5.92312,
Dargan Cres Outside Vodafone SRoom,54.627544,-5.908083,
Upper Malone Road(Greenview Park),54.55757,-5.962374,
Dunkeld Gardens,54.622883,-5.959296,
Charnwood Avenue,54.62704,-5.943602,
Monagh By-Pass/Glen Rd,54.582184,-5.990026,
Opp Whiterock Business Park,54.59186,-5.991189,
147A Belvoir Dr,54.551174,-5.937065,
Beechill Rd (Cedarhurst Rd),54.55081,-5.914239,
Moyle Walk,54.55151,-5.939877,
Braniel Primary School,54.577763,-5.859438,
Owenvarragh Pk,54.57412,-5.985969,
Fortwilliam Park,54.628395,-5.935048,
Circular Road 3rd Stop,54.60754,-5.984133,
Knock Headquarters,54.589687,-5.856089,
Dunkeld Gardens,54.62301,-5.959724,
Beechmount Park,54.56499,-5.976724,
Ravenswood Park,54.577854,-5.859031,
Knock Headquarters,54.589478,-5.855915,
Knock Road,54.594646,-5.856417,
Knock Road,54.594772,-5.856441,
134A Belvoir Dr,54.550785,-5.936235,
212 Belmont Road,54.600555,-5.858459,
Owenvarragh Pk,54.57408,-5.986373,
Monagh Road Bus Stop,54.586605,-5.991726,
Monagh Road,Bus Stop,54.586517,-5.991762,
Firmount,54.628258,-5.938725,
Fortwilliam,54.629253,-5.923296,
Opp Aitnamona Crescent,54.583904,-5.991395,
Firmount,54.628326,-5.938954,
Glen Road(St.Teresas),54.58085,-5.990726,
Aitnamonagh Crescent,54.58384,-5.991739,
Abbeydale Park,54.618244,-5.971883,
Ashfield Girls,54.610832,-5.865319,
Ashfield Girls,54.611015,-5.865479,
Abbeydale Park,54.618378,-5.971908,
Upper Malone Road(Malton Drive),54.556946,-5.963797,
Knock Rd,54.593445,-5.855057,
Turf Lodge Shops,54.589718,-5.992919,
C I Y M S,54.605415,-5.860293,
Knock Rd,54.59274,-5.854923,
Opp Monagh Road Shops,54.58987,-5.992958,
Forthriver Way,54.614723,-5.977802,
Inver Avenue,54.628143,-5.944073,
Phoenix Gas,54.622322,-5.883127,
246 Belvoir Dr,54.550476,-5.941367,
Inver Avenue,54.628372,-5.94434,
Towell House,54.59173,-5.85411,
Priory Park,54.56428,-5.978336,
Deerpark Road,54.623817,-5.961433,
Emo,54.622578,-5.882959,
Deerpark Road,54.62394,-5.961783,
Parkway / Belmont,54.601223,-5.856458,
Malvern,54.55211,-5.895685,
Forthriver Way,54.61534,-5.978762,
Parkway/ Belmont,54.601696,-5.85634,
175 Nelvoir Dr,54.549866,-5.941398,
Kings Rd./Knock Rd.,54.591354,-5.853201,
Mount Vernon,54.63071,-5.922432,
Glen Road(St.Theresas),54.580868,-5.992999,
Malvern,54.551872,-5.895667,
Wheatfield Gardens,54.61911,-5.973249,
Scilly Park,54.56341,-5.978549,
Dargan Rd Outside Nie Poweteam Entr,54.62971,-5.907058,
Dominican College,54.630367,-5.935459,
Scilly Park,54.562634,-5.977738,
Dargan Rd Opp Powerteam Entrance,54.629826,-5.90699,
Dominican College,54.63046,-5.935547,
Lisburn Road(Scilly Park),54.56379,-5.979551,
Upper Malone Road(Dub Lane),54.555996,-5.965452,
Chichester Avenue,54.63014,-5.938831,
Chichester Avenue,54.630226,-5.938656,
Saintfield Road(Glenhugh Park),54.549206,-5.906608,
Upper Malone Road(Malton Drive),54.55574,-5.965727,
Balmoral(Balmoral Drive),54.55916,-5.972978,
Carrs Glen Primary School,54.624813,-5.962808,
Creevy Ave.,54.577847,-5.854515,
Cairnshill Park,54.550484,-5.897825,
Cairnshill Park,54.550278,-5.898593,
Hawthorden Court,54.59453,-5.851967,
Andersonstown Rd.(Slievegallion Drive),54.573208,-5.990468,
Saintfield Road (Glenhugh Park),54.54882,-5.90621,
Scilly Park(Priory Park),54.560043,-5.975315,
Coonasilla,54.580795,-5.994657,
Creevy Ave.,54.577927,-5.854062,
Scilly Park(Priory Park),54.559677,-5.974993,
Mount Vernon,54.63181,-5.923057,
Blanchflower Park,54.612938,-5.863087,
Campbell College,54.601173,-5.853752,
Newtownbreda Rd (Greer Pk Ave),54.547268,-5.926119,
Hawthornden Way,54.59914,-5.852652,
Templeton House,54.612972,-5.862822,
Andersonstown Rd.(Slievegallion Drive),54.57324,-5.991224,
Donegall Park,54.56322,-5.981095,
Moscow Rd/Har Lag.,54.624016,-5.880872,
120 Cavehill Road,54.63019,-5.945612,
Forthriver Drive,54.61659,-5.980403,
Finsbury,54.549274,-5.900808,
Taylor Court Old Milltown Rd,54.547592,-5.935732,
31 Beechill Rd,54.54784,-5.90929,
Joanmount Park,54.625366,-5.963833,
Finsbury,54.549107,-5.900987,
Dargan Road,54.629555,-5.897975,
Old Milltown Rd,54.548145,-5.941082,
Munro Wholesalers,54.629353,-5.896902,
Coolnasilla,54.580772,-5.995819,
Forthriver Drive,54.616924,-5.98048,
Westbank Rd Last Stop Inward,54.629185,-5.895904,
Campbell College,54.601757,-5.85318,
Kings Rd/Barnetts Rd.,54.590202,-5.850152,
Lowwood Park,54.63242,-5.922995,
Carinburn Road,54.606087,-5.855738,
Upper Malone Road(Dub Lane),54.554996,-5.967527,
Westbank Rd Outside Thonas Johnston,54.629417,-5.895814,
96 Somerton Road,54.63212,-5.935246,
Henderson Avenue,54.63068,-5.945912,
Hawthorden Court,54.594353,-5.850104,
Glenside Park,54.62056,-5.975546,
Kings Rd./Barnetts Rd.,54.59009,-5.84957,
Milltown Rd (Maxol Garage),54.547348,-5.938603,
Top Of The Hill,54.547806,-5.905567,
Glenside Park,54.620705,-5.975554,
Somerton Park,54.632366,-5.935032,
Hawthornden Way,54.59831,-5.850839,
Holywood Road,54.613846,-5.861894,
Braniel Church,54.578274,-5.85177,
Braniel Church,54.57843,-5.851545,
Schomberg Avenue,54.603107,-5.852397,
Schomberg Avenue,54.603054,-5.852338,
Cabin Hill,54.594444,-5.849109,
Woodview Drive,54.579357,-5.850677,
Cairnburn Road,54.60623,-5.854152,
Grangeville Drive,54.562397,-5.982774,
Tillysburn,54.61458,-5.861887,
Woodview Drive,54.579346,-5.850523,
Ballysillan Leisure Centre,54.624313,-5.97011,
Lowwood Park,54.633526,-5.923171,
Bilston Road,54.623337,-5.972327,
Oldpark Shops,54.62639,-5.965237,
Ballyowen,54.57292,-5.993869,
Cairnshill Court,54.54719,-5.903898,
Hydebank R/Bout Milltown Rd,54.5458,-5.930537,
Cainshill Court,54.547127,-5.903824,
Braniel (Farmhurst Green),54.580112,-5.849755,
Cavehill Road 10th Stop,54.63154,-5.947216,
Malone Drive,54.55459,-5.969912,
Hydebank R/Bout,54.54559,-5.930439,
Silverstream Gardens,54.62548,-5.968364,
Ballyowen,54.573055,-5.99445,
Bilston Road,54.623497,-5.972861,
Hospital Rd,54.54542,-5.927898,
Cabin Hill,54.594326,-5.848032,
Westbank Rd Opp. Nprse Merchant,54.63036,-5.89369,
Oldpark Shops,54.62664,-5.96586,
North Circular Road,54.633236,-5.937714,
Braniel (Farmhurst Green),54.580353,-5.849078,
Silverstream Gardens,54.625793,-5.968194,
Cherryvally,54.587772,-5.847341,
Glencairn Mission Hall,54.618603,-5.982038,
Parkway / Holywood Rd,54.613075,-5.858653,
Kingsway,54.58777,-5.847201,
CBS,54.580166,-5.998803,
Hospital Rd,54.545147,-5.928777,
Purdysburn Rd Bus Stop,54.545055,-5.924423,
Landsdowne Road,54.63378,-5.934356,
Westbank Rd Outsise Norse Merchant,54.630516,-5.893016,
Old Hollywood Road,54.60404,-5.851017,
Shandarragh Park,54.63216,-5.947355,
Finaghy Road North,54.569675,-5.992667,
Lisburn Road(Finaghy),54.561832,-5.98407,
Parkway/Holywood Rd,54.613472,-5.858678,
Crumlin Road(Glenbank Corner),54.62204,-5.976959,
Glencairn Mission Hall,54.61892,-5.982115,
North Circular Road,54.63369,-5.937366,
Finaghy Road North (Orchardville),54.566265,-5.989572,
Finaghy Road North,54.569424,-5.992618,
St.Michaels,54.571747,-5.994529,
Little Alderwood,54.54483,-5.924435,
Royal Lodge,54.54564,-5.908784,
Finaghy Road North (Orchardville),54.566498,-5.989978,
Garnerville Road,54.61511,-5.860264,
Upper Malone Rd(Malone Heights),54.55415,-5.971109,
Cbs,54.57995,-5.999277,
St.Michaels,54.571888,-5.994847,
Kingsway P,54.587074,-5.846635,
Braniel (Farmhurst Green),54.58022,-5.848126,
Royal Lodge Rd,54.54546,-5.909226,
Moscow Rd/Har Lag.,54.626133,-5.878129,
Loughside,54.63476,-5.923418,
Landsdowne Road,54.634373,-5.934202,
Crumlin Road(Glenbank Corner),54.62299,-5.976292,
Kensington,54.58645,-5.846219,
Tedburn Park,54.62419,-5.974065,
Formby Park,54.627953,-5.965252,
Ladybrook Shops,54.568626,-5.992842,
Ladybrook Shops,54.56852,-5.992879,
37 Old Hollywood Road,54.606514,-5.85132,
340 Belmont Road,54.604614,-5.850089,
Finaghy Park Central,54.5622,-5.986077,
Finaghy Park Central,54.56232,-5.986319,
Stewartstown Road(Shaws Road),54.57294,-5.996636,
Bonapartes,54.632957,-5.947671,
Formby Park,54.628387,-5.964921,
Tedburn Park,54.624344,-5.974599,
Queens Ctr.,54.589054,-5.845323,
Loughside,54.635235,-5.923285,
Greenwood Glen,54.5441,-5.918599,
Churchview,54.628094,-5.966066,
10 Castlehill Road,54.595463,-5.845898,
Alderwood Hill,54.544094,-5.917564,
Wallasey Park,54.628853,-5.964185,
Finaghy Road South Health Center,54.560402,-5.984388,
Leggagh Court,54.62405,-5.975729,
Massey Green,54.604843,-5.849411,
Silverstream Terrace,54.624653,-5.974723,
Finaghy Road South Health Center,54.560047,-5.984251,
Glastonbury Avenue,54.63518,-5.93379,
Forthriver Dale,54.619987,-5.983285,
Slievedarragh Park,54.63304,-5.949928,
Churchview,54.62836,-5.966548,
Sunningdale Park,54.632717,-5.95154,
Stewartstown Road(Shaws Road),54.573303,-5.997902,
82 Old Hollywood Road,54.607903,-5.851092,
Supervalue,54.58897,-5.844493,
237 Lower Braniel Road,54.58022,-5.846099,
Ballysillan Road,54.62977,-5.963195,
28 Ligoneil Road,54.62388,-5.977332,
Stormont Park,54.59448,-5.844635,
37 Ligoniel Road,54.62394,-5.977267,
Carrs Glen(Joanmount),54.630474,-5.96127,
Stormont Park,54.5944,-5.8445,
Lisburn Road(Finaghy),54.56068,-5.986075,
Glenmillen,54.610535,-5.852594,
Westbank Rd OSide LPool Ferry Off,54.63173,-5.890444,
Motelands,54.611336,-5.853249,
55 Garnerville Road,54.614777,-5.85669,
Glastonbury Avenue,54.635674,-5.933672,
Finaghy Road South Youth Club,54.558086,-5.982461,
Old Holywood Rd.,54.609127,-5.851244,
178 Lower Braniel Road,54.580486,-5.845405,
Campbell College Grounds,54.598164,-5.845167,
Carrs Glen,54.630478,-5.961998,
Strathmore Park,54.635487,-5.936918,
Kilcoole Park,54.63203,-5.956685,
Kilcoole Park,54.63208,-5.956838,
43 Castlehill Road,54.59844,-5.844983,
Westbank Rd Outside Express Hoses,54.63199,-5.89023,
2 Massey Avenue,54.60516,-5.848033,
Ballysillan Road 3rd Stop,54.631367,-5.959847,
Tillysburn,54.61841,-5.860354,
St. Patricks,54.58517,-5.84361,
Boys Model School,54.631493,-5.959872,
Finaghy Rd South(De Beere Court),54.556637,-5.98108,
Forthriver Parade,54.620686,-5.984582,
St. Patricks,54.585003,-5.84314,
Ramoan,54.57903,-6.002957,
Benmore Walk,54.555355,-5.979752,
Netherleigh Mews,54.604343,-5.846559,
Erinvale Ave,54.55592,-5.980775,
Ligoneil Park,54.624104,-5.979458,
Upper Malone Road(Malone View),54.552494,-5.974236,
Shaws Road(Stewartstown Road),54.57386,-6.000612,
Old Hollywood Road,54.61261,-5.852485,
Shaws Road(Stewartstown Road),54.574055,-6.001066,
Lowe Memorial Church,54.5599,-5.987597,
Knocknagoney Drive,54.619003,-5.859549,
Hamill Grove,54.578995,-6.003593,
Ballysillan Drive,54.62962,-5.968127,
Glencairn(Forthriver Road),54.621372,-5.984889,
Belfast Castle,54.63665,-5.936519,
Stormont,54.594563,-5.842294,
Malone View,54.55226,-5.974696,
Ligoniel Park,54.624355,-5.980096,
Donegall Park Avenue,54.637302,-5.923288,
St. Genieves,54.57245,-6.000511,
Donegall Park Avenue,54.637367,-5.923425,
Castle Avenue,54.637154,-5.933442,
Chippendale Court,54.553593,-5.978123,
Stormont,54.594482,-5.841772,
St. Genieves,54.572136,-6.000681,
Chippendale Court,54.553516,-5.978235,
Castle Avenue,54.637325,-5.933433,
Gilnahirk Rise,54.583794,-5.841486,
Castlehill Road /Massey Avenue,54.60393,-5.844491,
96 Castlehill Road,54.602722,-5.843828,
Knocknagoney Tesco,54.61993,-5.859082,
Rosgoill Park,54.574432,-6.002749,
Clareglen,54.630257,-5.968777,
Donegal Park Ave 69,54.6379,-5.926325,
Upp. Garnaville Rd.,54.614796,-5.852803,
123 Castlehill Road,54.602814,-5.843761,
Massey Avenue (Castlehill Road),54.60406,-5.844314,
Knocknagoney Primary,54.61887,-5.857435,
Ladybrook Avenue,54.566795,-5.997277,
Knocknagoey Primary,54.61873,-5.857102,
Old Holywood Road 139,54.614094,-5.85171,
Ladybrook Avenue,54.566685,-5.997438,
Donegal Park Ave 74,54.638138,-5.926994,
Finaghy Rd South(Trossachs),54.55195,-5.976566,
Shore Crescent,54.6383,-5.923408,
Donegall Park Avenue,54.638065,-5.93307,
Briarwoodpark,54.58227,-5.840824,
Finaghy Rd South(Trossachs),54.551605,-5.976475,
78 Ligoneil Road,54.624973,-5.982032,
29 Lower Braniel Road,54.58236,-5.840541,
Upton Park,54.558758,-5.9892,
Shaws Road(Hillhead Cottages),54.575424,-6.004541,
Shaws Road(Hillhead Cottages),54.5756,-6.004656,
Donegall Park Avenue,54.638577,-5.929915,
Rosnareen,54.578373,-6.006175,
Westbank Rd Inward (Terminus),54.633827,-5.886541,
Castle Gardens 33,54.638733,-5.929721,
133 Ligoniel Road,54.625248,-5.982421,
Rosnareen,54.578217,-6.006446,
Donegall Park Avenue,54.63841,-5.936414,
Upton Park,54.558487,-5.989785,
Westbank Rd Outward (Terminus),54.634094,-5.886434,
Abbey Rd.,54.58886,-5.838403,
Hillhead Crescent,54.5711,-6.003144,
Innisfayle Road 26,54.63903,-5.932928,
Stormont Court,54.59457,-5.838673,
Cloverhill Gardens,54.60358,-5.8416,
Shore Crescent,54.639435,-5.923381,
Silverstream(Ballysillan Pk),54.63155,-5.970323,
15 Massey Avenue,54.6033,-5.841244,
Ballysillan Avenue,54.631474,-5.970543,
Portside,54.629826,-5.872857,
Knocknagoney Avenue,54.618217,-5.853088,
Geary Road,54.582886,-5.83844,
Donegall Park Avenue,54.639156,-5.936562,
Portside,54.63009,-5.872688,
Ligoneil Community Centre,54.625854,-5.983692,
Ligoniel,54.62789,-5.979905,
Downview,54.639626,-5.932542,
HillHead Crescent,54.57078,-6.004087,
Knocknagoney Avenue,54.618076,-5.852413,
Castle Gardens 61,54.639843,-5.929495,
Ladybrook Cross,54.565968,-6.00038,
Ladybrook(Turning Circle),54.565533,-6.000123,
Abbey Rd.,54.58884,-5.836748,
Knocknagoney Drive,54.616615,-5.85006,
Downview Avenue,54.64016,-5.929618,
Parkmount,54.64032,-5.923073,
Stormont Court,54.594807,-5.836772,
42 Massey Avenue,54.602455,-5.838951,
168 Gilnahirk Road,54.582275,-5.836849,
Stormont Massey Ave Gates,54.60228,-5.838651,
Parkmount,54.640743,-5.923237,
Melford Drive,54.588184,-5.835808,
Gilnahirk Presbyterian Church,54.582085,-5.836689,
Melfort Dr,54.588146,-5.835671,
Melfort Dr_Kilmory Gds,54.58733,-5.835637,
Blacks Road,54.556805,-5.991676,
Ligoniej Church,54.626736,-5.984856,
7 Melfort Dr,54.58716,-5.835553,
knocknagoney 12,54.61811,-5.85026,
Shaws Road(Lenadoon Avenue),54.5766,-6.009371,
Suffolk Ave,54.570415,-6.005868,
Downview Avenue,54.64049,-5.93634,
Downview Avenue,54.6407,-5.936515,
Shaws Road(Lenadoon Avenue),54.576675,-6.010032,
Summerhill Ave,54.59476,-5.83515,
Blacks Road(Oakhurst),54.56136,-5.998889,
Old Mill Road,54.628674,-5.982995,
308 Melfort Dr,54.58629,-5.834331,
Wolfhill Centre,54.6273,-5.985943,
175 Gilnahirk Road,54.58088,-5.835267,
Mountainhill Road,54.62848,-5.983856,
Blacks Rd,54.555843,-5.992357,
71 Melfort Dr,54.586037,-5.834112,
Blacks Road(Balmoral Hotel),54.560535,-5.998527,
Blacks Road(Brook Park),54.562927,-6.001162,
Blacks Road(M1 Onslip),54.559338,-5.997272,
Blacks Rd(Balmoral Hotel),54.56043,-5.998579,
198 Gilnahirk Road,54.580498,-5.835086,
190 Ligoniel Road,54.627537,-5.986071,
Blacks Road(Garnock Hill),54.56282,-6.001322,
Shore Road(Grays Lane),54.64205,-5.922411,
Mountainhill Walk,54.628216,-5.985356,
Doon Road,54.56976,-6.00791,
Suffolk Library,54.56922,-6.007612,
Blacks Road(Brooke Drive),54.56408,-6.004028,
Blacks Road(Brooke Drive),54.564205,-6.004161,
Downview Lodge,54.642338,-5.93606,
Holywood Exchange,54.626858,-5.857975,
Cedar Grove,54.61953,-5.84763,
Ligoneil Place,54.628445,-5.987264,
Shore Road(Grays Lane),54.643257,-5.922102,
Shaws Jct.,54.57649,-6.013413,
Stewartstown Road(Doon Road),54.56858,-6.008896,
Downview Lodge,54.642868,-5.936018,
Blacks Road(Blacks Court),54.56434,-6.005763,
Blacks Road(Blacks Court),54.56445,-6.005958,
Rosepark,54.59496,-5.831271,
Leven Dr-Melfort Dr,54.586334,-5.830708,
Shaws Rd Jct.,54.576477,-6.014434,
1 Leven Dr,54.585182,-5.830723,
5 Leven Dr,54.585243,-5.830596,
Cedar Grove,54.62042,-5.846577,
Horn Drive,54.569263,-6.010687,
297 Ligoneil Road,54.62939,-5.987884,
Melfort Dr-Alford Pk,54.586933,-5.830027,
Heron Rd.,54.63351,-5.867894,
252 Ligoneil Road,54.62956,-5.988216,
Stewartstown Road(Woodbourne),54.56782,-6.010417,
360 Melfort Dt,54.587868,-5.829482,
Heron Rd.,54.633648,-5.8675,
Parliament Buildings,54.60333,-5.832343,
Blacks Road(Trenchard),54.5651,-6.008354,
Parliament Buildings,54.603405,-5.832184,
21Leven Dr,54.58537,-5.829073,
Leven Dr-Lochinver Dr,54.586266,-5.82884,
Blacks Road(Erris Grove),54.565746,-6.009823,
Blacks Road(Ringford Park),54.566105,-6.010284,
Tullycarnet Prim.,54.58834,-5.828343,
Sports Ground,54.59711,-5.828928,
Greencastle,54.645245,-5.92056,
Gilnahirk Road West,54.573715,-5.831982,
16 Leven Dr,54.585506,-5.828122,
Castle Buildings,54.59855,-5.828975,
Rosepark,54.59448,-5.827892,
St. Oliver Plunkett,54.576164,-6.017357,
Castle Buildings,54.598804,-5.82873,
Castle Buildings,54.598595,-5.828524,
Stewartstown Road(Woodbourne),54.566998,-6.012158,
St.Oliver Plunkett,54.576206,-6.017664,
Stewartstown Road(Woodbourne),54.56708,-6.012371,
Craigantlet Buildings,54.597065,-5.827894,
Suffolk Road(Woodbourne),54.568157,-6.013416,
Suffolk Road(Woodbourne),54.568233,-6.013474,
Tullycarnet Prsb.,54.58834,-5.826904,
Grays Lane,54.64561,-5.93512,
Dundonald House,54.595425,-5.827099,
Riverside Mews,54.569675,-6.014827,
Wolfhill,54.631435,-5.989827,
Trident House,54.634422,-5.863587,
Beechlawn Park,54.553406,-5.999263,
Dept Of Agriculture,54.600456,-5.82762,
I T Division,54.600304,-5.82752,
Dundonald House,54.5943,-5.82606,
Trident House,54.63445,-5.863074,
Falcarragh,54.570915,-6.016591,
Catherine Court,54.646652,-5.921061,
Falcarragh,54.571125,-6.016767,
Glencolin,54.576054,-6.019373,
Glencolin,54.575893,-6.019458,
Glencolin,54.576096,-6.019588,
Catherine Court,54.646946,-5.921232,
Antrim Road(Serpentine Road),54.64701,-5.934599,
M2 Onslip,54.647427,-5.91989,
Stoney Road,54.59489,-5.824497,
Hazelwood College,54.647552,-5.922146,
Helens Wood,54.565773,-6.014754,
Dunmurray Lane,54.55241,-6.000363,
Antrim Road(Serpentine Road),54.64734,-5.934877,
Old Suffolk Rd.,54.573093,-6.020012,
Ardcarn,54.594032,-5.823599,
Hannahstown Hill,54.57596,-6.021698,
Helens Wood,54.565525,-6.015554,
Serpentine Road,54.648376,-5.922956,
Donegal Celtic,54.573776,-6.021726,
Donegal Celtic,54.57371,-6.021745,
Hannahstown Hill,54.57591,-6.023602,
Suffolk Rd. Jct.,54.57583,-6.023622,
Serpentine Road,54.649315,-5.924334,
Palace Bks,54.625324,-5.84113,
Palace Barracks,54.62535,-5.84102,
Glengoland(Roundabout),54.564392,-6.017604,
Upper Dunmurry Lane(Cherry Road),54.55698,-6.010713,
Suffolk Heights,54.574722,-6.024093,
Dunmurry Village,54.5512,-6.003467,
Upper Dunmurry Lane(Cherry Road),54.556625,-6.01039,
Suffolk Heights,54.57513,-6.024444,
Veryan Gardens,54.649845,-5.92488,
Credenhill,54.5578,-6.011894,
Dundonald Cemetery,54.594196,-5.820279,
Bawnmore,54.64987,-5.918975,
Bawnmore,54.64994,-5.918739,
Upper Dunmurry Lane(Credenhill),54.55798,-6.012458,
337 Old Holywood Road,54.626507,-5.840819,
Dunmurray Village,54.55091,-6.004347,
Upper Dunmurry Lane(Corrina Park),54.560146,-6.015243,
Upper Dunmurry Lane(Glengoland),54.56251,-6.01751,
Upper Dunmurry Lane(Glengoland),54.562187,-6.017386,
Upper Dunmurry Lane(Corrina Park),54.56051,-6.015922,
Dundonald Cemetery,54.594383,-5.819155,
Vandyck Gardens,54.650593,-5.925957,
Ice Bowl,54.58847,-5.818743,
Colinbrooke,54.570126,-6.023666,
Glengoland Roundabout,54.564083,-6.019552,
Vandyck Gardens,54.650856,-5.926192,
Firmount Cres.,54.62732,-5.840575,
Firmount Cres,54.627594,-5.840762,
Dunmurry Halt,54.55036,-6.006352,
Pembroke Manor,54.56758,-6.023619,
Ice Bowl,54.587875,-5.817042,
Ben Madigan Park,54.65146,-5.934606,
Lower WhitewelL(White City),54.65175,-5.927371,
Lower WhitewelL(White City),54.65178,-5.927509,
Ben Madigan Park,54.65157,-5.934817,
Old Colin,54.56335,-6.021087,
Stewartstown Road,54.562733,-6.020622,
Old Colin,54.56312,-6.021175,
Mill Road,54.652225,-5.919072,
Colinbrook Avenue,54.57036,-6.026577,
Mill Road,54.652435,-5.919278,
Redburn Clinic,54.629704,-5.840201,
Cherry Road,54.554405,-6.013667,
Oakley Ave,54.631084,-5.842079,
34 Jacksons Rd,54.631138,-5.842014,
Whitehouse,54.652554,-5.91625,
Whitehouse,54.65257,-5.915893,
Redburn Clinic,54.629997,-5.840092,
Stewartstown Road(Dairy Farm),54.56176,-6.021504,
Cherry Road,54.554123,-6.013882,
Thronemount,54.65262,-5.935183,
Stewartstown Road(Dairy Farm),54.561367,-6.021678,
Comber Road,54.595016,-5.814912,
Comber Road,54.59487,-5.814842,
East Link Rd,54.58782,-5.814369,
East Link,54.58719,-5.813799,
Springbank Close,54.56898,-6.028082,
East Link,54.587257,-5.813595,
East Link,54.589203,-5.813367,
Grange Hill,54.54882,-6.009349,
Felden,54.653973,-5.922407,
Felden,54.654022,-5.922668,
Poleglass(Pembroke Loop),54.565647,-6.026758,
Upper Whitewell(Throne),54.65394,-5.930312,
Galway Dr.,54.59358,-5.813008,
Grange Hill,54.548534,-6.009517,
Kincraig Park,54.654037,-5.936629,
Arthur Road,54.65448,-5.927387,
Cherry Park,54.553616,-6.01689,
Upper Whitewell(Throne),54.654446,-5.931077,
Cherry Park,54.553726,-6.017024,
McILroy Court,54.654545,-5.927941,
The Ulster Hospital,54.59483,-5.812044,
Springbank Drive,54.567947,-6.029601,
Laurelbank,54.563297,-6.026563,
Arthur Bridge,54.654728,-5.93131,
Aspen Walk,54.554955,-6.019036,
Stewartstown Road(Health Centre),54.559467,-6.023578,
Ulster Hospital,54.595066,-5.811721,
Abbey Centre,54.654907,-5.919803,
Ulster Hospital,54.595184,-5.811715,
Aspen Walk,54.55494,-6.019206,
Laurelbank,54.56323,-6.026782,
Stewartstown Road(Health Centre),54.559116,-6.023688,
Abbeycentre,54.655094,-5.918631,
Merville Garden Village,54.65508,-5.911503,
East Link Rd,54.59129,-5.810083,
Longlands Road,54.655827,-5.921956,
Pantridge Rd(Pembrooke Loop),54.56462,-6.029483,
Longlands Road,54.65602,-5.921807,
Merville Garden Village,54.655724,-5.910928,
St. Lukes,54.554955,-6.021818,
St. Lukes,54.554993,-6.021894,
Bell Steel Road(Laurelbank),54.562122,-6.028753,
Bell Steel Road(Laurelbank),54.56194,-6.0287,
Throne Centre,54.656353,-5.933304,
Throne Centre,54.656364,-5.933412,
Abbey Centre,54.65654,-5.916945,
Tree Tops,54.656387,-5.93792,
O/Side 42,54.586655,-5.808057,
No 5,54.58658,-5.807891,
Tree Tops,54.656593,-5.938034,
Abbey Centre,54.65721,-5.920072,
Tesco, Church Road,54.65726,-5.923293,
Twinbrook Rd,54.554497,-6.023541,
Bell Steel Road(Stewartstown Road),54.557228,-6.026315,
The Moat,54.59058,-5.807088,
The Moat,54.590607,-5.80704,
Bell Steel Road(Stewartstown Road),54.556995,-6.026372,
Brook Activity Centre,54.55258,-6.021886,
Merville Mews,54.657246,-5.909439,
Bell Steel Road(Glenwood),54.560497,-6.030022,
Stewartstown Road(Glasvey Park),54.55611,-6.026152,
Stewartstown Road(Glasvey Park),54.556023,-6.026079,
TescoS/ N-Abbey,54.657932,-5.925382,
Ballyregan Road(Dundonald),54.59471,-5.806479,
Merville Mews,54.657463,-5.909506,
Bell Steel Road(Glenwood),54.56041,-6.030258,
Newtownabbey Courthouse,54.65812,-5.923776,
Lisburn Road(Seymour Hill),54.5448,-6.013006,
Ballyregan Road(Dundonald),54.59475,-5.806044,
Newtownabbey Courthouse,54.65837,-5.923748,
Fairyknowe Park,54.658085,-5.935897,
Hazelwood Park,54.65784,-5.940032,
Fairyknowe Park,54.65815,-5.936095,
Twinbrook Rd,54.554756,-6.026125,
Limetree Res.,54.589367,-5.805111,
Lisburn Road(Seymour Hill),54.544315,-6.013617,
Hazelwood Park,54.658054,-5.940424,
Brians Well Close,54.563515,-6.034298,
Limetre Res.,54.588867,-5.804241,
Brians Well Close,54.56315,-6.03444,
Stewartstown Road(Twinbrook Road),54.554386,-6.027117,
Bell Steel Road(Brians Well Road),54.559155,-6.031555,
Newtownabbey Community High,54.658875,-5.911804,
Newtownabbey Community School,54.658978,-5.911908,
Stewartstown Road(Twinbrook Road),54.554043,-6.02701,
Bell Steel Road(Brians Well Road),54.558933,-6.031628,
Bell Steel Road(Woodside),54.556293,-6.029529,
Bellevue Park,54.658817,-5.941331,
Bell Steel Road(Woodside),54.55644,-6.030187,
Summerhill Drive(St.Marks),54.549805,-6.023427,
Cherry Hill,54.594593,-5.802896,
Martin Park,54.659492,-5.908564,
Brainswell Road(Glenbawn),54.559135,-6.033164,
Stewartstown Road(Lagmore grove),54.55295,-6.027433,
Armoy Gardens,54.66003,-5.915279,
Armoy Gardens,54.660076,-5.915199,
Ballybog Road,54.541397,-6.013048,
Bellevue Park,54.65961,-5.94312,
Ballybog Road,54.54164,-6.013839,
Bellevue Park,54.6601,-5.939065,
Brians Well Road(Glenkeen),54.560925,-6.035784,
Brians Well Road(Glenkeen),54.561043,-6.035948,
Bellevue Park,54.660313,-5.939581,
Floral Park,54.66003,-5.943486,
Stewartstown Road(Lagmore Avenue),54.551594,-6.027777,
Grahamsbridge,54.58678,-5.800764,
Comber Rd/Grahams Bridge,54.5867,-5.800722,
Robbs Road.,54.592846,-5.800731,
Valley Retail Park,54.661304,-5.927055,
Summerhill Estate,54.547005,-6.023548,
Burton Ave.,54.594788,-5.800255,
Valley Retail Park,54.66162,-5.927302,
Clonbeg Drive,54.661636,-5.921241,
Clonbeg Drive,54.661766,-5.921575,
Stewartstown Road(Lagmore Avenue),54.55014,-6.027894,
Lagmore Grove,54.55226,-6.030249,
Avonlea Gardens,54.66189,-5.916145,
Lagmore Ave(Glenferna),54.55381,-6.032246,
Avonlea Gardens,54.66203,-5.916029,
Lagmore Ave(Glenferna),54.554146,-6.032801,
Drumadoon,54.592953,-5.798775,
Conway (River Rd),54.5389,-6.013556,
Clonmore Walk,54.662487,-5.925382,
Clonmore Walk,54.662556,-5.925689,
Abbey Park,54.662098,-5.909516,
Abbey Park,54.6623,-5.909753,
Stewartstown Rd(Lagmore Dale),54.54888,-6.028418,
Shore Road/M5 Roundabout,54.662266,-5.907151,
Lagmore Meadows,54.55138,-6.03176,
West Crescent,54.663074,-5.929801,
Valley Leisure Centre,54.66314,-5.930479,
Rathcoole Diamond,54.66319,-5.918046,
Lagmore Dale,54.548397,-6.029137,
Valley Leisure Centre,54.663303,-5.930425,
Broom Park,54.54756,-6.02842,
Lagmore Meadows,54.550938,-6.03226,
Rathcoole Diamond,54.663433,-5.91667,
Shore Road/ M5 Roundabout,54.662907,-5.90639,
Lagmore Dale,54.54834,-6.029511,
Creighton Mews,54.546265,-6.027849,
Rathcoole Diamond,54.663948,-5.917279,
Antrim Road(Bellevue),54.66286,-5.946799,
Lagmore Drive,54.54965,-6.031982,
Inchmarnock Drive,54.590874,-5.795499,
Davaar Ave.,54.592175,-5.795537,
Brooklands,54.594868,-5.795748,
Davarr Avenue,54.59318,-5.795467,
Antrim Road(Bellevue),54.66312,-5.947251,
Carnreagh Bend,54.66435,-5.928682,
Rush Park,54.664143,-5.911302,
Rush Park,54.66414,-5.911162,
Lagmore Drive,54.548737,-6.03181,
Drumadoon,54.591812,-5.794907,
Carnreagh Bend,54.664646,-5.928636,
Ballybeen(Rank Road),54.588543,-5.794403,
Bellevue Bridge,54.664024,-5.948166,
Lagmore View,54.55672,-6.041412,
Lagmore View,54.5567,-6.041521,
Ballybeen(Square),54.59031,-5.792652,
Rathmullan Drive,54.665756,-5.916272,
Lagmore Ave(Glendowan Pk),54.5538,-6.039728,
Lagmore Ave(Glendowan Pk),54.55389,-6.039862,
Rathmullan Drive,54.66588,-5.916064,
Green End,54.665943,-5.914836,
Green End,54.665928,-5.91431,
ONeills Road,54.664764,-5.94878,
Lagmore Ave(Teeling Ave),54.55488,-6.041917,
Lagmore Ave(Teeling Ave),54.554523,-6.041718,
Mount Eagles,54.552692,-6.040121,
Doagh Road(Green End),54.666336,-5.912429,
Doagh Road(Green End),54.6665,-5.912591,
Gleneagles Gardens,54.588326,-5.790902,
Valley Buisness Centre,54.66664,-5.933975,
Lagmore Reservoir,54.55514,-6.042832,
Valley Buisness Centre,54.666668,-5.933881,
East Antrim Institute,54.666206,-5.90391,
Rathcoole (Primary School),54.667236,-5.928395,
Rathcoole (Primary School),54.667316,-5.927725,
Craigleith Drive,54.59082,-5.789282,
Eastway,54.667812,-5.917314,
Beauly Drive,54.58698,-5.788964,
Eastway,54.66796,-5.917136,
Braden Glen,54.668293,-5.92552,
Elmfield,54.666733,-5.950882,
Abbots Cross,54.668102,-5.912757,
Admore Ave.,54.58815,-5.788112,
Craigleith Drive2,54.59358,-5.788173,
Rathcoole Leisure Park,54.668594,-5.924591,
Elmfield,54.667103,-5.951049,
Ballybeen(Culross Drive),54.590412,-5.787432,
AbbotS Cross,54.668682,-5.912975,
Derrycoole Walk,54.668903,-5.920203,
Derrycoole Park,54.668957,-5.919596,
East Antrim Institute,54.668034,-5.902049,
Mt.Eagles,54.55281,-6.045216,
Ballybeen(Culross Drive),54.59235,-5.786398,
Village Square,54.55376,-6.047211,
Village Square,54.553635,-6.047263,
Church Road,54.668285,-5.952881,
Cairnsmore Avenue,54.593754,-5.785471,
Carnmoney Cemetery,54.66974,-5.939042,
Carnmoney Cemetery,54.66986,-5.938958,
Church Road,54.668507,-5.953769,
Heather Park,54.670395,-5.91326,
Abbots Cross,54.670643,-5.913169,
Lagmore(Mount Eagles),54.553402,-6.049052,
Hightown Road(Edmund Rice College),54.66678,-5.969062,
Abbey Court,54.6708,-5.902402,
Abbey Court,54.670906,-5.902397,
Glengormley(Ulster Bank),54.669746,-5.956543,
Hightown Park,54.668327,-5.965636,
Cloughfern(Whiteabbey Hospital),54.6723,-5.913363,
Artsvale Drive,54.67184,-5.942811,
Glengormley(Ulster Bank),54.67025,-5.957572,
Glebe Road,54.6719,-5.943723,
Rosehall,54.669243,-5.964909,
Hightown Court,54.66961,-5.962798,
Rosehall,54.669254,-5.965125,
Whiteabbey Halt,54.67221,-5.906066,
Hightown Court,54.66984,-5.962135,
Cloughfern(Whiteabbey Hospital),54.672726,-5.913559,
Fernagh Avenue,54.67247,-5.907618,
Fernagh Avenue,54.672733,-5.908768,
Cloughfern(Station Road),54.672977,-5.910926,
Cloughfern(Station Road),54.67321,-5.911968,
Hightown(Glengormley),54.670876,-5.959959,
Hightown(Glengormley),54.671,-5.959441,
Portland Avenue,54.67143,-5.957606,
Royal Mail(Enterprise Way),54.669144,-5.974122,
Portland Avenue,54.672276,-5.957238,
Knockenagh Avenue,54.67483,-5.914412,
Harmin Parade,54.672417,-5.960316,
Glengormley Park,54.67262,-5.9595,
Knockenagh Avenue,54.675026,-5.914696,
Harmin Parade,54.67278,-5.96112,
Glengormley Park,54.673203,-5.959625,
Glengormley Pavilion,54.673744,-5.956436,
Glengormley Pavilion,54.67377,-5.956326,
Artsvale Drive,54.674896,-5.947106,
Mallusk Road (Enterprise Way),54.671436,-5.972705,
Mallusk (Enterprise Way),54.671528,-5.972546,
Inniscoole Park,54.675053,-5.955734,
Mallusk Road(Ballyrobert Garage),54.672104,-5.974811,
Rose Park,54.674053,-5.96428,
Mallusk Road(Ballyrobert Garage),54.67212,-5.975384,
Rose Park,54.674313,-5.964702,
KingS Road,54.67784,-5.916475,
Hillview Park,54.675396,-5.960709,
Coole Park,54.676155,-5.955012,
Boxmore,54.67255,-5.976975,
Hillview Park,54.675774,-5.960752,
KingS Road,54.678356,-5.91665,
Antrim Road(Burneys Lane),54.67502,-5.966542,
Antrim Road(Burneys Lane),54.675163,-5.96714,
Coole Park,54.677116,-5.954592,
St MaryS On The Hill,54.677277,-5.954413,
Glebe Road,54.67796,-5.948022,
Glebe Road,54.678036,-5.947863,
Mallusk Drive,54.673306,-5.980612,
Ballyclare Road(Northcott),54.677055,-5.961479,
Hightown Avenue,54.673515,-5.980973,
Hillcrest Villas,54.680195,-5.917936,
Swanston Park,54.67626,-5.969907,
St MaryS On The Hill,54.67872,-5.953689,
Ballyclare Road(Northcott),54.677757,-5.961614,
Carnmoney(Burnthill Road),54.678955,-5.952204,
Carnmoney(Burnthill Road),54.67894,-5.952422,
Northcott ( Link Road),54.676693,-5.969963,
Northcott ( Link Road),54.676697,-5.970117,
Northcott,54.678097,-5.96245,
Northcott,54.67819,-5.962601,
Hillcrest Villas,54.68101,-5.918344,
Swanston Road,54.676907,-5.972464,
Glenville(Monkstown Avenue),54.681377,-5.911006,
Glenville(Monkstown Avenue),54.681625,-5.910714,
Scullions Road,54.675774,-5.981063,
Doagh Road(Cherrylands),54.68197,-5.919086,
Scullions Road,54.6761,-5.980721,
Prince Charles Way(Cairnhill Road),54.68089,-5.950804,
Sandyknowes,54.677467,-5.974405,
Prince Charles Way(Cairnhill Road),54.680878,-5.951115,
Central Park, Mallusk,54.675068,-5.986571,
Sandyknowes,54.67772,-5.974997,
Central Park, Mallusk,54.675056,-5.987068,
Doagh Road(Cherrylands),54.682762,-5.919479,
Ferndale Avenue,54.681446,-5.952839,
Carnmoney Primary School,54.68175,-5.951304,
Carnmoney Primary School,54.682053,-5.95149,
Glenvarna Walk,54.68104,-5.963047,
Ladysmith Lane,54.68173,-5.963245,
Monkstown(Devenish Drive),54.68402,-5.905938,
Carnmoney Village(Carnvue),54.683277,-5.951258,
Ferndale,54.682625,-5.95723,
Sandyknowes(Ballyhenry Road),54.67985,-5.975511,
Cloughmore Road,54.67681,-5.989369,
Ferndale,54.682777,-5.957253,
Carnmoney Village(Carnvue),54.68348,-5.951341,
Sandyknowes(Ballyhenry Road),54.680054,-5.975206,
Hollybank Way,54.684315,-5.905784,
Ballyhenry Avenue,54.680946,-5.97279,
Carwood Avenue,54.682842,-5.963778,
Wilsons Factory,54.685875,-5.921739,
Mallusk Road,54.67696,-5.993997,
Blackwater Road,54.678047,-5.990222,
Sherwood Park,54.68221,-5.970447,
Seagoe Gardens,54.685604,-5.906431,
Mallusk(Enterprise Way),54.677162,-5.994344,
WilsonS Factory,54.686268,-5.922463,
Seagoe Gardens,54.68576,-5.906748,
Ballyduff Road,54.685066,-5.951137,
Ballyhenry Road,54.68289,-5.968754,
Manse Road,54.683666,-5.964032,
Ballyduff Road,54.685265,-5.95122,
Prince Charles Way(Glebe Road),54.684395,-5.960336,
Manse Road,54.6841,-5.964336,
Hollybank Primary School,54.686867,-5.90832,
Ballyduff(Forthill Drive)_,54.687073,-5.935015,
Glencroft Road,54.684223,-5.966315,
Prince Charles Way(Glebe Road),54.684914,-5.961457,
Ballyduff(Forthill Drive),54.68745,-5.936671,
Hollybank Primary School,54.687435,-5.909485,
Trench Road,54.67798,-5.99759,
Waverley Park,54.686554,-5.951046,
Forthill Green,54.68766,-5.934163,
Ballyfore Park,54.68776,-5.931584,
Ballyfore Park,54.687817,-5.931085,
Bridge Road,54.687954,-5.924533,
Ballyduff Road(Doagh Road),54.6881,-5.926138,
Carnview Road,54.685703,-5.961371,
Forthill Green,54.68803,-5.933788,
Abbey Green,54.688282,-5.918049,
Forthill Park,54.688248,-5.932707,
Beverley Avenue,54.68715,-5.951109,
Ballyduff Gardens,54.688396,-5.929985,
Hydepark(Trench Road),54.678726,-5.998112,
Ballyduff Gardens,54.68867,-5.929072,
Ballycraigy Road,54.685932,-5.964663,
Ballycraigy Road,54.68602,-5.964596,
Beverley Avenue,54.687748,-5.950971,
Forthill Drive(Carnmoney),54.688747,-5.936729,
Hollybank Court,54.688766,-5.910626,
Hollybank Court,54.68886,-5.910513,
Fairview Road(Ballyduff Shops),54.68909,-5.934261,
Ballyduff,54.68929,-5.926465,
Jordanstown Road,54.689243,-5.917565,
Forthill Drive(Carnmoney),54.68904,-5.936606,
Waverly,54.687656,-5.955101,
Hydepark Presbyterian Church,54.678886,-6.000724,
Fairview Road(Ballyduff Shops),54.689266,-5.935136,
Fairview Road(Beverley Shops),54.688545,-5.948263,
Waverley Gardens,54.687996,-5.954448,
Academy,54.678967,-6.001201,
Fairview Road(Beverley Shops),54.688713,-5.948053,
White Church,54.68979,-5.916312,
White Church,54.689865,-5.916525,
Ballyalton Park,54.68979,-5.912125,
Fairview Road(Carnmoney Terminus),54.68978,-5.936413,
Jennings Park,54.689865,-5.913331,
Fairview Road,54.689774,-5.936863,
Three Mile Water,54.69007,-5.927387,
Glenkyle,54.68968,-5.941862,
Fairview Road(Fairview Gardens),54.689476,-5.945331,
Fairview Road(Fairview Gardens),54.68951,-5.945655,
Glenkyle,54.689705,-5.942931,
Beverley Road,54.689243,-5.949608,
Ballyfore Road(Doagh Road),54.690357,-5.929497,
Beverley Road,54.689285,-5.94987,
Ballyfore Road(Doagh Road),54.690502,-5.928963,
New Mossley (Manse Way),54.68897,-5.957764,
Campbell Road,54.689987,-5.951556,
Campbell Road,54.69004,-5.951568,
Mallusk(Parkmount),54.67999,-6.005043,
Mallusk(Parkmount),54.680145,-6.005237,
Ballyearl Drive,54.68928,-5.96465,
Ballyearl Drive,54.689487,-5.96402,
Mossley Pavilion,54.691277,-5.950777,
Ballyhenry(Ballyearl Way),54.690105,-5.962267,
Ballyhenry(Ballyearl Way),54.690186,-5.962403,
Carn Green,54.691067,-5.954914,
Manse Way,54.691257,-5.95402,
Ballyhenry(Ballyearl Way),54.69068,-5.962486,
Carn Court,54.69149,-5.956583,
Carn Court,54.691444,-5.95702,
Carn Crescent,54.69135,-5.959273,
Milewater Court,54.69147,-5.960787,
Old Mill Crescent,54.68119,-6.00931,
Old Mill Crescent,54.6813,-6.009537,
Milewater Drive,54.69158,-5.961867,
Lakeview Grove,54.693024,-5.950581,
The Glade,54.69349,-5.951969,
The Villas,54.693954,-5.950906,
Uppertown Drive,54.694996,-5.953304,
Mossley Mill,54.695824,-5.950843,
Craigarogan Quarry,54.68312,-6.016287,
Craigarogan Quarry,54.683144,-6.016518,
Mossley(Rail Station),54.696526,-5.95149,
Bernice Road,54.684326,-6.021779,
Craigarogan Road,54.68454,-6.022358,
Fort Road,54.685505,-6.026871,
Fort Road,54.685753,-6.027665,
Oakview,54.687847,-6.037148,
Roughfort(Turning Circle),54.688263,-6.037981,
Farse Enterprise Park,51.218567,-10.863421,
Gas Works,51.218567,-10.863421,
Cedar Avenue,51.218567,-10.863421,
38 Sandown Road,51.218567,-10.863421,
43 Sandown Road,51.218567,-10.863421,
29 Clarawood Park,51.218567,-10.863421,
Lakeview Grove,51.218567,-10.863421,
Mount Lens,51.218567,-10.863421,
 N/A ,51.218567,-10.863421,
Mallusk (Enterprise Way),51.218567,-10.863421,
Ballyrobert Garage,51.218567,-10.863421,
Woodvale Parade,51.218567,-10.863421,
